acc,gyro
1.05317,0.42578
1.04422,0.36458
0.99664,0.28554
0.98912,0.21479
0.98764,0.16616
0.9722,0.12277
0.95926,0.07717
0.91609,0.02923
1.37123,0.05744
1.18874,0.13607
1.35377,0.09189
1.07153,0.19983
1.46463,0.16161
1.0915,0.1645
1.01459,0.16955
0.98761,0.16508
1.04859,0.1539
0.99927,0.14907
1.00918,0.13853
1.03423,0.12726
1.03405,0.11607
1.03456,0.10672
1.05439,0.10072
1.05638,0.1002
1.07416,0.09987
1.0676,0.10203
1.02414,0.11018
1.01709,0.11352
1.0197,0.12306
0.97965,0.13596
0.96821,0.1342
0.96276,0.12446
0.96029,0.11473
0.99515,0.10517
0.96907,0.1102
0.96571,0.10876
0.99087,0.10435
1.00016,0.10533
0.99098,0.11203
0.99183,0.11473
0.96012,0.11224
0.97332,0.10176
0.99614,0.08948
1.00428,0.08926
1.03269,0.1178
0.9915,0.1415
1.0098,0.14903
1.00037,0.15213
1.03751,0.15966
1.04206,0.17705
1.11688,0.20048
1.21525,0.22965
1.36343,0.25135
1.25172,0.26946
1.29373,0.28551
1.25573,0.30467
1.16834,0.35617
1.25572,0.43441
1.32457,0.48836
1.38136,0.51039
1.29123,0.52002
1.248,0.49385
1.1045,0.43516
0.95502,0.36397
0.88122,0.4216
0.52309,0.47323
0.64165,0.44121
0.60235,0.38167
0.64238,0.36667
0.72469,0.40984
0.82749,0.45598
0.91654,0.50912
0.98635,0.56802
1.05778,0.62255
1.12169,0.66631
1.21749,0.70972
1.35341,0.7452
1.50428,0.77798
1.66503,0.80452
1.80397,0.81291
1.86527,0.7957
1.76908,0.74652
1.84549,0.61382
1.4426,0.49042
1.52008,0.37585
1.46976,0.21211
1.34768,0.16373
1.47295,0.25229
1.65494,0.27478
1.66491,0.19693
1.58822,0.29549
1.40658,0.33777
1.20494,0.32752
1.03934,0.3294
0.86665,0.3145
0.9105,0.2756
0.95408,0.20756
0.92306,0.18211
1.12733,0.17882
1.20876,0.17441
1.04214,0.18649
1.02093,0.18181
1.03438,0.16961
1.03994,0.15729
1.02925,0.14819
1.06542,0.13817
1.00487,0.12403
0.96852,0.10719
0.96619,0.09399
0.96131,0.08439
0.96398,0.07466
0.99595,0.06731
1.00596,0.06338
1.00298,0.06082
1.01252,0.05971
1.03001,0.0586
1.03248,0.05971
1.01574,0.0634
1.01708,0.06619
1.02293,0.0709
1.06136,0.08065
1.05184,0.09429
1.05048,0.11118
1.0351,0.13344
1.06887,0.15441
1.1522,0.16894
1.2542,0.1795
1.26975,0.19452
1.27259,0.21588
1.26404,0.23721
1.29066,0.2655
1.29558,0.29768
1.27989,0.32451
1.23667,0.34183
1.136,0.34296
1.13392,0.34908
1.22675,0.37959
1.21623,0.40187
1.02783,0.41631
0.87974,0.46492
0.82346,0.44299
0.81589,0.40339
0.71496,0.43239
0.6894,0.47718
0.6903,0.55062
0.73148,0.61402
0.83327,0.66391
1.00317,0.70782
1.09664,0.7635
1.25364,0.79511
1.37955,0.8331
1.43727,0.88431
1.53289,0.92432
1.59017,0.95282
1.64926,0.9527
1.73275,0.92571
1.69692,0.87569
1.61956,0.81739
1.54877,0.7625
1.56197,0.72906
1.60624,0.71551
1.55598,0.68742
1.59563,0.67476
1.62816,0.62992
1.63254,0.53215
1.59421,0.4247
1.52192,0.37882
1.41859,0.39709
1.44081,0.42786
1.93793,0.32032
1.45476,0.33253
1.65605,0.38154
1.32806,0.32805
1.02156,0.29885
0.92663,0.26697
0.94774,0.22322
0.92175,0.17364
1.01081,0.14473
1.05127,0.13786
1.0178,0.14108
1.07322,0.13786
1.03335,0.1388
1.02401,0.1477
0.98071,0.17909
1.30399,0.17468
1.08949,0.09671
1.04055,0.07923
0.99284,0.07272
1.02892,0.06503
0.9942,0.06227
0.9647,0.06359
1.02241,0.06453
1.02153,0.06933
1.00498,0.07062
1.02843,0.07143
1.023,0.07624
1.02221,0.07836
1.00586,0.08031
1.00296,0.08907
1.00615,0.0929
0.99917,0.1013
1.03633,0.11202
1.04866,0.11843
1.05668,0.1274
1.05039,0.14581
1.04929,0.16827
1.08954,0.18534
1.11722,0.20043
1.12131,0.21382
1.24038,0.23284
1.22817,0.25152
1.24205,0.27345
1.27417,0.29741
1.3063,0.32359
1.34013,0.35133
1.25245,0.37754
1.17991,0.4034
1.26819,0.44512
1.26502,0.47631
1.02503,0.51259
0.83392,0.53741
0.79863,0.51832
0.81358,0.51288
0.68917,0.50619
0.5909,0.52905
0.65355,0.53404
0.72863,0.50666
0.77281,0.4971
0.83852,0.52375
0.93948,0.55968
1.06272,0.58677
1.151,0.61213
1.22308,0.63273
1.31359,0.6553
1.38871,0.66403
1.44119,0.66453
1.50424,0.66407
1.56771,0.66454
1.60532,0.66257
1.6325,0.66119
1.62881,0.65273
1.60528,0.61296
1.56433,0.55632
1.55438,0.47035
1.44682,0.37088
1.38569,0.25905
1.34092,0.1514
1.28791,0.16473
1.30727,0.26583
1.78569,0.32077
1.38912,0.44945
1.56542,0.58299
1.65098,0.48752
1.42877,0.37361
1.16665,0.36909
0.85706,0.361
0.86794,0.33888
1.08154,0.25872
1.06695,0.24681
1.06607,0.22425
1.0264,0.20311
1.0136,0.19215
1.04092,0.16382
1.00103,0.14519
1.01511,0.1334
1.05088,0.13048
1.02561,0.13931
1.01866,0.14056
1.00904,0.12962
1.01219,0.12344
1.02695,0.11616
1.04233,0.10688
1.04143,0.10436
1.02697,0.1024
1.03936,0.10147
1.03993,0.09972
1.03609,0.10407
1.05829,0.11797
1.04114,0.14725
0.99609,0.1671
0.95863,0.16665
0.9499,0.16013
1.00936,0.16379
1.02056,0.17347
1.03854,0.18636
1.03193,0.20426
1.06708,0.22377
1.20396,0.24247
1.25055,0.26155
1.23022,0.28075
1.22702,0.31296
1.24453,0.36093
1.34461,0.41824
1.39419,0.4902
1.22858,0.47526
1.36334,0.45444
1.41729,0.48958
1.11011,0.52095
0.95769,0.51486
1.02412,0.45727
0.80867,0.44414
0.63125,0.46546
0.49115,0.39999
0.50674,0.32355
0.42607,0.3216
0.56298,0.38159
0.68741,0.44211
0.7846,0.49644
0.8692,0.54353
0.94593,0.59114
1.02787,0.63245
1.10392,0.66576
1.23731,0.69527
1.35618,0.71389
1.47511,0.72954
1.63813,0.74002
1.75377,0.73219
1.73752,0.69921
1.7429,0.62896
1.55593,0.52366
1.40912,0.42627
1.45295,0.30245
1.4414,0.13013
1.3308,0.09203
1.00776,0.23891
2.02316,0.23063
1.37701,0.22184
1.64019,0.34165
1.37616,0.31341
1.14773,0.30693
1.04318,0.33906
0.87282,0.29632
1.0529,0.22052
1.02362,0.27611
1.01388,0.25567
1.05179,0.19214
1.03695,0.19283
1.04052,0.16951
0.99811,0.15428
1.03592,0.13859
1.04314,0.13251
1.02369,0.13186
0.99152,0.13416
1.00484,0.13143
0.96969,0.11612
0.98635,0.10611
1.01426,0.10028
1.00664,0.0939
0.98647,0.08925
1.00578,0.0839
1.01568,0.07917
1.0418,0.08189
1.04976,0.08847
1.08669,0.10017
1.07839,0.11015
1.04307,0.12066
0.99597,0.12222
1.00272,0.12299
1.03587,0.13476
1.0434,0.15875
1.05442,0.1848
1.05896,0.21196
1.13097,0.23421
1.21776,0.25025
1.22759,0.26797
1.24799,0.28767
1.23494,0.31173
1.22876,0.33307
1.28765,0.36612
1.26537,0.4064
1.14404,0.39732
1.30356,0.39653
1.41158,0.42376
1.17373,0.41111
0.97393,0.37695
0.95008,0.34991
0.83405,0.28197
0.75006,0.26999
0.54051,0.26255
0.51593,0.19688
0.39196,0.18454
0.45918,0.26821
0.54214,0.35353
0.63066,0.41548
0.72711,0.47844
0.86573,0.53642
0.94582,0.58617
1.01892,0.63163
1.17269,0.67709
1.34455,0.70841
1.44236,0.72455
1.5135,0.73978
1.63959,0.74725
1.70845,0.72448
1.70926,0.67958
1.6404,0.6312
1.53388,0.58739
1.38774,0.54431
1.20671,0.47379
1.18815,0.36578
1.10146,0.24005
1.0703,0.14907
1.11059,0.19784
1.55577,0.26834
2.02323,0.29454
1.503,0.5159
1.86417,0.53014
1.79671,0.36175
1.24579,0.26307
1.29484,0.30678
0.94211,0.35552
0.85457,0.29995
1.03367,0.25137
1.02265,0.29027
1.03624,0.26797
1.01527,0.22158
1.02394,0.19981
1.0121,0.18533
1.00349,0.16896
1.03741,0.1414
1.03991,0.12438
1.02158,0.11654
1.00078,0.1119
1.00735,0.10607
0.99843,0.09368
0.96638,0.08805
0.97086,0.08169
1.00187,0.07579
0.98627,0.07505
1.00801,0.07832
1.00767,0.08327
1.00861,0.08896
1.00678,0.08793
1.01505,0.08742
1.03374,0.0922
1.04342,0.10186
1.0118,0.11235
1.01121,0.12076
0.99472,0.12537
0.97826,0.13229
0.98016,0.14645
0.98371,0.1605
0.99001,0.16588
1.00829,0.18949
1.02949,0.19938
1.03576,0.185
1.09189,0.17202
1.04487,0.18555
1.0257,0.21766
1.0717,0.24133
1.07104,0.29048
1.10833,0.38053
1.09876,0.46394
1.04703,0.56328
1.02915,0.65578
1.01815,0.72221
0.99187,0.80176
0.95893,0.88033
0.95475,0.94622
0.94664,1.00279
0.9312,1.03407
0.89013,1.02712
0.94306,1.00338
0.97334,0.96899
0.93692,0.89719
1.00181,0.80451
1.04132,0.73332
1.07114,0.6851
1.099,0.62933
1.09002,0.5602
1.06623,0.49177
1.03674,0.43081
1.00728,0.38502
1.00917,0.35665
1.00832,0.34535
1.03625,0.34746
1.05168,0.34961
1.05253,0.34515
1.04833,0.33961
1.02777,0.33377
1.00414,0.32333
0.99963,0.31732
1.00182,0.31098
0.99121,0.29056
0.96836,0.27581
0.95817,0.26139
1.06929,0.22118
1.12109,0.14064
1.16088,0.10888
1.1409,0.09207
1.11845,0.05989
1.0276,0.08346
1.04859,0.08094
1.028,0.08894
0.96725,0.08925
0.9852,0.08848
0.98187,0.09093
1.03619,0.08851
0.99037,0.07604
0.95657,0.06337
1.00431,0.05993
1.00339,0.07398
0.98328,0.08244
1.00529,0.07945
1.0292,0.07858
1.01024,0.08113
1.01159,0.08201
1.00486,0.08516
1.02168,0.08063
1.02623,0.07977
1.04624,0.08478
1.00268,0.09087
1.00431,0.08881
0.99869,0.08532
0.98327,0.08655
0.96477,0.08784
0.97844,0.089
0.96949,0.09379
0.99917,0.10153
0.99558,0.1148
1.02243,0.12445
0.99045,0.10949
1.00657,0.07929
1.01504,0.06393
1.01826,0.07369
1.00511,0.07891
1.04786,0.07256
1.01623,0.07627
1.0111,0.08456
1.04525,0.09189
1.04592,0.10832
1.02725,0.13005
1.04929,0.14774
1.06867,0.166
1.13673,0.18426
1.19474,0.20738
1.21379,0.2252
1.17755,0.23938
1.2048,0.25676
1.25523,0.27831
1.23381,0.31938
1.23679,0.35804
1.22849,0.3667
1.30552,0.38881
1.33045,0.41598
1.23492,0.40726
1.06066,0.36088
1.05602,0.32964
1.03034,0.27332
0.82075,0.2188
0.5874,0.25055
0.53377,0.23227
0.47357,0.22535
0.48368,0.27412
0.49124,0.35381
0.54727,0.42447
0.62121,0.49827
0.75659,0.57425
0.88693,0.6354
1.01831,0.68305
1.17167,0.71776
1.359,0.74537
1.54863,0.7694
1.71166,0.78746
1.80667,0.7914
1.87122,0.76837
1.8874,0.71122
1.92612,0.60669
1.7437,0.47443
1.73004,0.32112
1.71434,0.1206
1.3992,0.17988
1.54273,0.31
2.20671,0.20147
1.64185,0.34194
1.565,0.33509
1.37046,0.30669
1.1363,0.30467
0.7542,0.2941
0.93273,0.24634
0.964,0.22754
0.97935,0.21108
1.00544,0.18225
1.11962,0.18341
1.06935,0.14938
1.00696,0.13931
1.02291,0.12505
1.03814,0.11787
1.03362,0.11461
1.04444,0.11523
1.01266,0.11624
0.99929,0.11682
0.96757,0.11716
0.98248,0.12192
0.99186,0.12835
0.98132,0.13003
0.97728,0.12992
0.98512,0.12653
1.02688,0.11694
1.03467,0.1124
1.02141,0.10933
1.03738,0.11063
1.01733,0.11224
0.98556,0.11278
1.01028,0.1193
1.04147,0.14004
1.08436,0.16692
1.0818,0.19792
1.09035,0.22976
1.21291,0.25438
1.32203,0.27362
1.31235,0.29368
1.29203,0.31605
1.34375,0.34226
1.33009,0.39818
1.38819,0.41669
1.22128,0.40471
1.36481,0.40798
1.50467,0.45
1.26754,0.43134
1.05162,0.38143
0.96049,0.35881
0.82044,0.24695
0.65039,0.19217
0.50626,0.20571
0.43468,0.1925
0.32691,0.22583
0.48358,0.31432
0.51599,0.40338
0.59471,0.47481
0.66209,0.54359
0.82357,0.61185
0.9297,0.66706
1.04229,0.71089
1.233,0.75462
1.41605,0.79036
1.61796,0.82359
1.8414,0.84864
1.99813,0.84307
2.04217,0.77971
1.92437,0.68082
1.87019,0.56025
1.92233,0.40625
1.85959,0.20101
1.57836,0.07277
1.0877,0.266
2.22584,0.26354
1.10822,0.35776
1.67882,0.47642
1.56705,0.44761
1.2838,0.34863
1.12095,0.34751
0.80952,0.33176
0.90066,0.28901
1.02394,0.21645
1.00396,0.22542
1.08033,0.19138
1.08344,0.17213
1.08603,0.16281
1.02499,0.13942
1.01449,0.12467
1.04833,0.11058
1.04531,0.10955
1.01897,0.11101
1.02083,0.11484
0.99799,0.12477
0.98135,0.13817
0.99851,0.13821
0.97439,0.13451
0.99119,0.12891
1.00913,0.11913
1.03444,0.11212
1.03149,0.10843
1.03451,0.10186
1.02915,0.09593
1.00607,0.09752
0.96735,0.10028
0.93974,0.10446
0.98889,0.11497
1.01157,0.13548
1.03184,0.15818
1.06659,0.17994
1.09393,0.19755
1.17914,0.20993
1.20984,0.2188
1.19453,0.22939
1.19596,0.2424
1.19577,0.2557
1.2375,0.27766
1.26392,0.32536
1.26446,0.37186
1.15639,0.38714
1.15517,0.38164
1.31619,0.39912
1.35832,0.42584
1.20194,0.42797
0.96115,0.4132
0.82085,0.36918
0.79067,0.34422
0.60919,0.37739
0.45105,0.3839
0.46668,0.32707
0.49598,0.31374
0.52941,0.38151
0.53359,0.44687
0.65874,0.51562
0.8235,0.5777
0.94679,0.62176
1.04063,0.64955
1.17008,0.66636
1.39453,0.66686
1.43511,0.66524
1.43205,0.68491
1.54919,0.69691
1.65281,0.68302
1.61464,0.65386
1.65167,0.61084
1.51737,0.55975
1.29779,0.46736
1.26047,0.33739
1.24802,0.19143
1.10733,0.13269
1.3487,0.17582
2.30535,0.17041
1.11265,0.38528
1.42595,0.34998
1.35079,0.24347
1.21537,0.26504
0.93308,0.30792
0.85099,0.30168
0.99092,0.23401
0.93944,0.18959
0.92602,0.19332
0.97334,0.18159
0.99795,0.15854
1.01668,0.14453
1.06033,0.13155
1.02386,0.12979
1.04813,0.11395
1.03932,0.09041
1.0349,0.08956
1.00588,0.09922
0.98369,0.09255
0.97495,0.08843
0.96839,0.08597
0.96564,0.08622
0.98396,0.08609
0.99261,0.08614
1.00136,0.08838
1.0234,0.0889
1.01843,0.08748
0.9991,0.08839
1.01277,0.08613
1.01927,0.08674
1.01153,0.08775
1.01584,0.08751
0.99056,0.08829
0.99055,0.09253
0.99658,0.09659
0.98774,0.10555
1.00863,0.11407
1.02473,0.12092
1.02743,0.12965
1.00824,0.14384
1.01994,0.16163
1.03228,0.16955
1.07986,0.19271
1.14381,0.2143
1.11259,0.24704
1.11972,0.29489
1.10941,0.35828
1.1688,0.43315
1.25237,0.57088
1.16838,0.72265
1.08618,0.8073
1.12305,0.83094
1.11598,0.85727
1.13148,0.86206
1.0202,0.83413
0.9127,0.82569
0.85863,0.8498
0.79386,0.82747
0.72143,0.77979
0.74922,0.7135
0.72731,0.63599
0.80835,0.59938
0.82723,0.59828
0.84128,0.60644
0.90132,0.61139
0.97759,0.62581
1.00837,0.64808
1.03594,0.65724
1.07289,0.63466
1.14745,0.58518
1.21335,0.5312
1.23202,0.48567
1.22708,0.44782
1.18589,0.41528
1.13727,0.38265
1.10651,0.34978
1.09645,0.30509
1.09145,0.25403
1.08205,0.20219
1.05296,0.13963
1.08332,0.14053
1.08181,0.11194
1.06012,0.02817
1.04605,0.07256
0.97843,0.0861
0.97212,0.08705
0.98837,0.09719
0.95406,0.09719
0.94983,0.09548
0.96516,0.09762
1.01739,0.10201
1.00735,0.10259
0.99532,0.09892
0.99146,0.09599
0.98942,0.09531
0.98619,0.0931
0.99481,0.0946
1.00054,0.09574
0.99891,0.09346
0.99686,0.0887
1.01661,0.08333
1.0174,0.07625
1.01089,0.07022
1.01198,0.06413
1.01156,0.06208
1.02593,0.0595
1.01687,0.05824
1.0008,0.06195
0.98669,0.06045
0.97236,0.05801
0.97527,0.05765
0.97412,0.05785
0.98631,0.05762
0.99438,0.05584
0.99788,0.05141
1.022,0.04899
1.0279,0.04543
1.01998,0.04515
1.01224,0.04655
1.02505,0.05461
1.0367,0.06235
1.00749,0.07066
1.00796,0.0706
1.0035,0.06912
1.02927,0.06783
1.04931,0.0769
1.04512,0.0903
1.00564,0.10004
0.99084,0.10119
1.01178,0.10529
1.0005,0.11525
0.99993,0.13009
1.05935,0.14405
1.10589,0.15649
1.10474,0.17322
1.11522,0.19521
1.13915,0.20835
1.19792,0.22461
1.17278,0.25211
1.13504,0.28207
1.21313,0.32883
1.20282,0.40502
1.05254,0.40543
1.12291,0.39233
1.25442,0.40588
1.18893,0.41944
1.04913,0.37931
1.02065,0.35262
1.03741,0.32004
0.8002,0.29487
0.58222,0.31821
0.5772,0.29572
0.53246,0.23435
0.54607,0.25998
0.61278,0.33479
0.62901,0.39726
0.69937,0.45027
0.82792,0.50412
0.92954,0.55564
1.00748,0.59215
1.14803,0.62244
1.26245,0.64455
1.38644,0.66314
1.48477,0.67738
1.56454,0.69435
1.60219,0.70688
1.64442,0.68336
1.56552,0.61338
1.47629,0.54087
1.44938,0.44846
1.39621,0.31361
1.30859,0.17213
1.23933,0.12871
1.24513,0.19256
1.4025,0.24441
1.8049,0.17705
1.40939,0.20297
1.48857,0.31349
1.34034,0.31454
1.03926,0.29605
0.83412,0.27696
0.95196,0.21659
0.9724,0.15983
0.96815,0.14974
1.0148,0.12755
1.0457,0.11841
1.03299,0.13667
1.0273,0.13012
1.04024,0.09756
1.03363,0.0888
1.02484,0.08308
1.0475,0.08124
1.00885,0.08461
0.95884,0.08808
0.97147,0.0894
0.96777,0.08958
0.99367,0.0919
0.98696,0.0956
0.99115,0.09303
1.00617,0.08919
1.04433,0.08903
1.05442,0.09548
1.02953,0.10569
1.01506,0.11671
1.0436,0.12099
1.04732,0.12454
1.04007,0.12687
1.0265,0.1303
1.02502,0.13358
1.0243,0.1462
1.06727,0.16754
1.0861,0.19468
1.12835,0.22128
1.21081,0.24666
1.28901,0.27139
1.29314,0.2974
1.30708,0.32489
1.38743,0.35477
1.39024,0.40401
1.29303,0.41776
1.07021,0.39433
1.26963,0.40247
1.3128,0.39321
1.13199,0.35426
0.90623,0.32546
0.91623,0.29933
0.72939,0.23449
0.6284,0.21108
0.52683,0.17611
0.44066,0.15229
0.47254,0.205
0.50596,0.28411
0.5376,0.35538
0.59293,0.42379
0.71387,0.49299
0.86334,0.55297
0.96388,0.59891
1.0625,0.62934
1.17241,0.65793
1.32972,0.68749
1.44158,0.70981
1.58259,0.73363
1.69742,0.75011
1.76465,0.74944
1.75713,0.71662
1.66298,0.59863
1.59229,0.49402
1.65545,0.3762
1.61213,0.19447
1.50352,0.10747
1.32497,0.27002
2.0368,0.26378
1.71405,0.32023
2.00411,0.44955
1.50767,0.36424
1.35155,0.33247
1.02881,0.3533
0.82453,0.35453
0.93111,0.22577
0.94745,0.21861
1.11724,0.19463
1.13706,0.17879
1.09392,0.15945
1.01244,0.13855
1.00981,0.12875
1.01616,0.10322
1.0357,0.09692
1.03519,0.10401
1.00949,0.11119
0.99754,0.11495
0.99808,0.117
0.99586,0.11768
0.99023,0.11867
0.97974,0.11732
1.0013,0.11431
1.02695,0.11061
1.04252,0.10728
1.04908,0.10792
1.04207,0.10803
1.04229,0.10919
1.03692,0.11325
1.02957,0.12054
0.99804,0.12728
0.98601,0.13349
0.99217,0.14342
1.0186,0.15853
1.03792,0.17986
1.03738,0.20438
1.13005,0.22575
1.19754,0.23884
1.21058,0.25101
1.21056,0.2668
1.23821,0.28726
1.25327,0.31316
1.24946,0.35185
1.23186,0.413
1.15666,0.41311
1.14999,0.38995
1.32838,0.40686
1.20082,0.41288
0.99275,0.38826
0.96214,0.34994
0.98128,0.32882
0.70894,0.34846
0.56386,0.34628
0.51041,0.27617
0.50834,0.21722
0.51434,0.26323
0.56726,0.33662
0.6398,0.4002
0.69269,0.45918
0.83291,0.51818
0.96805,0.56439
1.02836,0.59398
1.12065,0.62492
1.2281,0.65149
1.32352,0.66547
1.39344,0.67971
1.50977,0.69975
1.60211,0.70235
1.65455,0.68203
1.62953,0.64193
1.59105,0.57454
1.48712,0.47539
1.35585,0.39342
1.28039,0.27841
1.19068,0.13158
1.08925,0.09738
1.01054,0.21309
1.53632,0.27852
1.92923,0.32637
1.90386,0.47583
1.4816,0.40047
1.25726,0.2973
1.43148,0.37247
1.10882,0.38383
1.17077,0.25247
0.92725,0.32254
0.97168,0.3085
1.02355,0.21227
1.15132,0.20715
1.04459,0.17423
0.9768,0.16056
1.03603,0.14364
1.01921,0.1354
1.04689,0.12868
1.06344,0.12571
1.04346,0.12838
1.03984,0.126
1.00218,0.12322
0.98074,0.11537
0.95036,0.10706
0.96979,0.10076
0.97304,0.1008
0.97735,0.10457
0.95346,0.1034
0.97764,0.09554
0.98668,0.08677
0.98163,0.08633
0.97679,0.09294
0.99718,0.09584
1.01129,0.10019
0.9867,0.10868
0.99177,0.11505
0.97584,0.11955
0.95728,0.13198
0.96971,0.13749
0.98055,0.13959
0.99791,0.15296
1.02091,0.16193
1.05042,0.16265
1.04358,0.16207
1.01118,0.19557
1.08404,0.25803
1.16305,0.29614
1.14759,0.33678
1.0648,0.40263
1.00629,0.47847
0.93822,0.55217
0.90446,0.63044
0.92012,0.69981
0.92068,0.74924
0.90331,0.79827
0.88739,0.84982
0.88868,0.90443
0.90853,0.95673
0.97545,0.99097
1.05919,1.00174
1.14649,0.97291
1.17749,0.86864
1.18744,0.72682
1.11983,0.60254
1.08548,0.50627
1.05926,0.426
0.98954,0.39185
0.95726,0.38006
0.95628,0.38238
1.01949,0.37229
0.99866,0.33707
0.98437,0.31354
1.00823,0.33537
1.02573,0.37437
1.01706,0.42113
1.03478,0.46732
1.02655,0.47741
1.00542,0.44973
0.99134,0.38929
0.9808,0.31705
0.97172,0.24774
0.91547,0.19233
0.87035,0.12699
0.85482,0.0688
1.02327,0.03761
1.3404,0.0993
1.31741,0.1526
1.38941,0.10279
1.12826,0.05787
1.00274,0.05387
0.91187,0.05004
0.92126,0.06533
0.98049,0.06968
0.98093,0.06418
0.9623,0.06144
0.9775,0.05747
0.96181,0.0723
0.99481,0.08465
1.033,0.0765
1.03428,0.06837
1.01027,0.06389
1.00711,0.06191
1.00625,0.0606
0.99429,0.06352
0.98001,0.07091
1.04735,0.08995
1.02647,0.11071
1.01222,0.10348
1.02122,0.09477
1.01888,0.09657
1.03108,0.09154
1.07562,0.09059
1.01523,0.0965
0.99912,0.09329
1.02872,0.08622
1.00617,0.08741
0.98726,0.09039
0.96499,0.08952
0.97147,0.08141
0.99891,0.07324
1.00528,0.07676
0.99791,0.08716
0.96377,0.09077
0.97728,0.07748
1.00442,0.07348
1.00244,0.08515
0.99713,0.09243
1.03027,0.09737
1.05186,0.10692
1.01423,0.11453
1.04335,0.12242
1.0684,0.13678
1.05521,0.15569
1.09714,0.17038
1.13838,0.18964
1.15308,0.21107
1.14974,0.2251
1.13559,0.23548
1.14258,0.25136
1.13508,0.26634
1.17578,0.30051
1.14062,0.34191
1.0831,0.34898
1.18979,0.3521
1.25785,0.36725
1.19757,0.37723
1.09764,0.36403
1.07739,0.35128
1.10452,0.33477
0.89268,0.36257
0.68056,0.40238
0.6007,0.3706
0.57902,0.31306
0.54549,0.26651
0.62864,0.30256
0.66919,0.36209
0.66722,0.41884
0.7535,0.4726
0.86361,0.53123
0.9495,0.57666
1.0363,0.60861
1.13255,0.6318
1.26561,0.65404
1.365,0.67771
1.43607,0.70121
1.54376,0.71316
1.65527,0.70947
1.6889,0.68201
1.66478,0.6183
1.54418,0.53629
1.43534,0.44443
1.50733,0.30139
1.42622,0.11583
1.31114,0.11233
1.03823,0.27357
2.00706,0.23528
1.30763,0.28962
1.78605,0.33543
1.5201,0.30278
1.24143,0.29531
1.14353,0.31241
0.81349,0.31162
0.99601,0.24515
0.9365,0.231
1.00795,0.22418
1.01809,0.2036
1.08621,0.21372
0.99487,0.19309
0.99562,0.18222
1.01535,0.17108
1.06934,0.16486
1.03689,0.15938
1.03477,0.15127
1.04138,0.14389
1.02545,0.13621
1.01836,0.12634
1.00689,0.11473
0.99894,0.10397
1.01728,0.0934
1.02085,0.08719
1.02904,0.08198
1.01946,0.08062
1.03809,0.08101
1.00282,0.08991
1.03475,0.09349
1.01969,0.10678
0.99558,0.11091
0.94344,0.11255
0.9879,0.11676
0.9859,0.12996
1.02589,0.15864
1.05114,0.19268
1.06512,0.22549
1.20046,0.25177
1.30581,0.26913
1.33062,0.28921
1.3036,0.30984
1.30107,0.33234
1.36016,0.38333
1.35782,0.41736
1.16377,0.40012
1.37537,0.41348
1.36263,0.43179
1.16791,0.41391
0.97147,0.37205
0.90239,0.34299
0.8598,0.27544
0.78129,0.24394
0.49154,0.22205
0.44807,0.2225
0.43617,0.22807
0.50477,0.30902
0.50385,0.3939
0.60972,0.45512
0.7436,0.51818
0.87086,0.5799
0.9435,0.62624
1.04187,0.66028
1.18747,0.68548
1.2976,0.70736
1.41313,0.73
1.54755,0.75666
1.74734,0.77909
1.82912,0.77977
1.8855,0.7344
1.79123,0.62843
1.6731,0.53096
1.74005,0.41548
1.78346,0.22467
1.65504,0.07767
1.30505,0.23172
1.98307,0.26342
1.46691,0.20573
1.6055,0.33805
1.64682,0.32467
1.30187,0.27864
1.14285,0.27656
0.87951,0.26662
1.01031,0.22291
0.96504,0.24494
1.00368,0.20968
1.022,0.18361
1.07544,0.17176
1.01867,0.13851
1.01902,0.11876
1.03135,0.10289
1.02925,0.09386
1.04017,0.08989
1.0278,0.09033
1.02213,0.09217
1.00226,0.09733
0.98803,0.10422
0.98646,0.1103
0.99874,0.11901
1.00967,0.13028
0.99304,0.13139
0.99691,0.1251
0.99158,0.11847
0.97042,0.10721
1.00291,0.09811
1.01533,0.09185
0.98835,0.09236
0.98182,0.09434
0.99726,0.10011
1.00229,0.11701
1.01798,0.14422
1.05012,0.17269
1.09509,0.19869
1.1764,0.21894
1.22942,0.24078
1.26474,0.26079
1.26482,0.27753
1.23292,0.29566
1.26585,0.31641
1.32123,0.35448
1.25627,0.37448
1.14737,0.37759
1.1844,0.37124
1.3509,0.39621
1.29687,0.40885
1.04315,0.37001
0.95526,0.33479
0.94561,0.29032
0.71871,0.24142
0.56772,0.24904
0.46155,0.2369
0.40491,0.20518
0.42974,0.24826
0.50225,0.33181
0.57551,0.39927
0.65458,0.46697
0.79106,0.5323
0.91037,0.59055
1.05162,0.63281
1.19947,0.66722
1.31692,0.68973
1.44737,0.70659
1.56032,0.71735
1.65164,0.71549
1.70932,0.69739
1.69711,0.66307
1.64645,0.62021
1.57546,0.5579
1.38708,0.4756
1.35537,0.37951
1.29398,0.27434
1.18215,0.19104
1.14375,0.22441
1.45197,0.24197
2.19893,0.16289
1.05947,0.37426
1.51398,0.40432
1.47348,0.32537
1.26326,0.3015
1.05527,0.27461
0.93446,0.26199
1.03028,0.19846
0.95122,0.21489
0.94997,0.20292
0.97658,0.17355
1.01049,0.16572
0.99456,0.15501
0.98801,0.14093
1.0274,0.12678
1.02625,0.11711
1.02131,0.10718
1.01083,0.09987
1.04865,0.0983
1.02832,0.09688
0.9997,0.09207
0.99823,0.08623
0.99245,0.08458
0.97417,0.08746
0.99835,0.09168
0.98924,0.0922
0.98245,0.09482
0.98485,0.09694
0.99441,0.09624
0.99598,0.0984
1.01259,0.10198
1.00963,0.10369
0.98437,0.10783
0.96156,0.11385
0.95755,0.11376
0.9797,0.11807
0.98381,0.12338
0.9944,0.12119
1.03839,0.12882
1.04302,0.14047
1.03062,0.15233
1.01,0.15596
1.02184,0.16797
1.01941,0.18151
1.04183,0.19278
1.14683,0.21732
1.07222,0.25136
1.03749,0.3178
1.06432,0.38485
1.06056,0.46364
1.08701,0.5553
1.09214,0.64787
1.086,0.73661
1.06969,0.80265
1.03941,0.84251
1.01703,0.87934
0.99464,0.92159
0.97914,0.95086
0.95331,0.97872
0.97875,1.01675
1.00539,1.03518
0.99286,1.00679
1.04395,0.92239
1.17649,0.81583
1.30406,0.7095
1.31491,0.60571
1.22397,0.51698
1.10532,0.42603
0.997,0.33181
0.95597,0.24804
0.94329,0.18273
0.84436,0.16046
0.79384,0.18846
0.70056,0.26742
0.72855,0.38373
0.73182,0.46173
0.75993,0.49017
0.80826,0.50061
0.86536,0.51974
0.93131,0.52677
1.03597,0.50673
1.13947,0.47732
1.20719,0.44214
1.20547,0.39017
1.20295,0.33524
1.13846,0.28131
1.07479,0.22118
1.04554,0.16248
1.09673,0.10993
1.13963,0.03439
1.28871,0.07837
1.15239,0.0498
1.05538,0.13583
0.9555,0.17328
0.96338,0.17689
0.94377,0.18719
0.96291,0.18574
1.02023,0.16726
1.0128,0.13724
1.02387,0.10612
1.041,0.08898
1.02127,0.07359
1.02378,0.0668
1.00724,0.06492
1.02163,0.07275
1.01249,0.08275
1.0044,0.0781
1.00089,0.07533
1.02568,0.07526
1.01636,0.07577
0.99284,0.07822
1.00284,0.07879
1.00331,0.08364
0.99676,0.08878
0.99758,0.09411
0.99521,0.09856
1.01525,0.1003
1.01524,0.10265
1.01342,0.10721
1.0038,0.11454
1.01213,0.11921
1.00824,0.13135
1.00565,0.14259
1.00166,0.14391
0.98586,0.13906
1.01193,0.12957
1.00815,0.11528
1.00241,0.10558
0.99742,0.10338
1.02094,0.09828
1.00416,0.10162
0.96543,0.1088
1.01137,0.11319
1.02696,0.12278
1.02365,0.13938
1.04773,0.15928
1.09281,0.17732
1.16104,0.19243
1.16644,0.20787
1.20566,0.22325
1.19204,0.23608
1.21077,0.24784
1.20159,0.26216
1.13995,0.28448
1.16135,0.32758
1.13283,0.35692
1.12109,0.35642
1.28298,0.37136
1.27969,0.37797
1.24177,0.38443
1.14969,0.3922
1.15279,0.35944
0.97871,0.30195
0.83926,0.32744
0.62414,0.315
0.61562,0.25356
0.5622,0.24845
0.57611,0.31926
0.57287,0.39649
0.63471,0.45989
0.73445,0.52248
0.83829,0.58438
0.9567,0.64649
1.09946,0.70254
1.28313,0.7487
1.48147,0.79065
1.63982,0.81693
1.80504,0.83638
1.89761,0.83649
1.91411,0.79619
1.79753,0.72342
1.70145,0.57828
1.49212,0.45312
1.64429,0.29896
1.46082,0.08904
1.36179,0.16488
1.45991,0.33536
2.04674,0.32808
1.7338,0.32366
1.73188,0.45701
1.69867,0.457
1.81214,0.38653
1.32309,0.31985
0.8534,0.2949
0.88855,0.27227
0.98713,0.26469
1.05688,0.23171
1.10098,0.20369
1.06443,0.18346
1.0242,0.16593
1.02555,0.15033
1.04968,0.13925
1.04276,0.13706
1.02974,0.13854
1.04476,0.13739
1.05143,0.14153
1.01211,0.14866
0.98462,0.13913
0.98289,0.12018
0.98481,0.10984
0.97965,0.10302
0.97887,0.09933
0.97582,0.09571
1.00172,0.08947
1.01322,0.08921
1.03365,0.08672
1.02897,0.08646
0.98294,0.09461
1.00417,0.1087
1.04972,0.13053
1.08286,0.16165
1.09888,0.19656
1.15598,0.23083
1.27822,0.26007
1.36871,0.28178
1.34592,0.30266
1.36258,0.32372
1.38756,0.35449
1.29766,0.39799
1.20533,0.39885
1.37182,0.41888
1.41915,0.45407
1.18902,0.44376
0.92951,0.38402
0.92941,0.34027
0.84537,0.31954
0.71365,0.32044
0.57561,0.30602
0.46477,0.25112
0.4925,0.23606
0.50427,0.30312
0.55744,0.37558
0.63546,0.44447
0.71353,0.51285
0.84705,0.58059
0.94864,0.6291
1.03927,0.66721
1.18843,0.7035
1.33317,0.7324
1.46168,0.75469
1.5922,0.77684
1.7888,0.80628
1.82777,0.81554
1.81285,0.78554
1.81558,0.66368
1.65351,0.56061
1.77318,0.41088
1.60879,0.20487
1.51632,0.12404
1.24291,0.27319
1.85238,0.29789
1.44752,0.27835
1.76596,0.39117
1.4997,0.37517
1.24739,0.33881
1.15694,0.33982
0.83696,0.33761
1.05949,0.25836
1.02508,0.28086
0.95232,0.22675
1.13623,0.23175
1.19502,0.21421
1.04225,0.18578
0.98579,0.16995
1.02456,0.15775
1.04429,0.15227
1.05031,0.14707
1.04184,0.14246
1.03872,0.14024
1.00637,0.13838
0.9847,0.13029
0.98372,0.12408
0.96164,0.1225
0.97395,0.11254
0.98618,0.10018
0.98522,0.09219
1.00153,0.08167
1.00025,0.0743
1.02192,0.07043
1.00969,0.07718
0.99933,0.08942
1.01365,0.10741
1.09797,0.13441
1.10637,0.16502
1.10792,0.19892
1.14611,0.23182
1.26752,0.25771
1.32052,0.28604
1.34576,0.32313
1.36091,0.36789
1.37272,0.39729
1.37821,0.39887
1.26506,0.413
1.30054,0.41023
1.37192,0.42989
1.25993,0.41494
0.99539,0.37451
0.93172,0.36459
1.03886,0.28701
0.84273,0.1599
0.58309,0.12306
0.49693,0.13008
0.4194,0.18434
0.4864,0.28839
0.56588,0.38436
0.64421,0.46493
0.7271,0.5486
0.95512,0.62156
1.06511,0.67699
1.2142,0.71814
1.32607,0.75783
1.46607,0.80364
1.53883,0.83973
1.67198,0.85948
1.76262,0.86905
1.77992,0.86642
1.75534,0.84042
1.74093,0.78803
1.72493,0.73393
1.82714,0.64931
1.38377,0.5335
1.40652,0.52648
1.65827,0.46968
1.57611,0.36175
1.48837,0.30557
1.36878,0.28213
1.46668,0.30957
2.20137,0.22673
1.60267,0.30308
1.7251,0.40209
1.7414,0.36134
0.8513,0.37422
0.86062,0.29337
1.01183,0.23193
1.09155,0.22197
0.96954,0.22784
1.16122,0.27791
1.16614,0.19806
1.03747,0.16186
1.054,0.14418
1.091,0.12745
1.06324,0.11229
1.07011,0.09922
1.07215,0.08999
1.06137,0.08534
1.01772,0.08642
1.01548,0.09022
1.00197,0.09179
0.98894,0.08908
0.98726,0.09306
0.96711,0.09623
0.99496,0.10476
1.04078,0.11951
1.10142,0.12813
1.03281,0.15312
1.02218,0.18988
1.05436,0.21512
1.21447,0.24077
1.29493,0.27155
1.37726,0.29728
1.56441,0.33336
1.52888,0.36141
1.32297,0.36481
1.03136,0.41017
1.1316,0.47522
1.14087,0.49108
1.05908,0.49491
0.77433,0.41322
0.71936,0.32655
0.6975,0.2912
0.62137,0.3238
0.64481,0.38322
0.71883,0.45465
0.82167,0.51291
0.86187,0.56653
0.92791,0.62559
1.05378,0.69214
1.20039,0.75743
1.28311,0.82243
1.35385,0.88144
1.37403,0.91577
1.37387,0.91125
1.31505,0.89829
1.25752,0.90557
1.23928,0.93917
1.20302,0.98533
1.18289,1.04386
1.13189,1.0927
1.14738,1.17277
1.26061,1.21567
1.4359,1.16872
1.48572,1.02391
1.50023,0.84497
1.39408,0.68277
1.76499,0.57616
2.07674,0.41477
1.02173,0.22288
0.83069,0.15295
1.22613,0.13921
1.17658,0.14951
1.12013,0.16753
1.10803,0.12456
1.10459,0.10162
1.12195,0.16521
1.14738,0.19376
1.08299,0.14672
1.04411,0.08715
1.0433,0.05875
1.02995,0.05289
1.00297,0.07014
0.99301,0.07501
1.00006,0.06344
1.04686,0.05119
0.99952,0.05584
0.96766,0.0535
0.99005,0.05232
0.99156,0.05233
1.00294,0.05026
1.00209,0.05445
0.97441,0.0534
1.00332,0.04943
0.98857,0.04707
0.99477,0.05668
0.99831,0.05557
1.01545,0.04654
0.98709,0.04477
0.97202,0.05641
0.97327,0.07233
1.0004,0.06868
0.98693,0.054
0.99624,0.04455
1.00655,0.03966
0.99654,0.04171
1.04829,0.05012
1.07132,0.06226
1.0916,0.07917
1.08811,0.0962
1.12339,0.10284
1.13401,0.10258
1.15199,0.11158
1.11117,0.15507
1.0237,0.16404
0.8898,0.15184
0.79527,0.14266
0.74189,0.16542
0.72137,0.23851
0.7757,0.36126
0.76936,0.44296
0.77706,0.44562
0.84567,0.42468
0.94695,0.38019
0.96139,0.3227
1.14109,0.26953
1.77899,0.1802
1.75239,0.14175
1.49305,0.06477
0.93653,0.08007
0.7162,0.14086
0.99063,0.1557
1.09982,0.14316
0.98667,0.12597
0.99295,0.11265
1.01965,0.11898
1.03568,0.14837
0.97622,0.15368
1.00641,0.15618
0.98419,0.16654
0.95775,0.16321
0.97656,0.15337
1.03895,0.14651
1.02812,0.14456
0.99119,0.14098
0.97001,0.13256
1.00094,0.12286
0.99312,0.11164
1.05338,0.09703
0.98017,0.07871
0.98331,0.06152
1.01805,0.04843
0.98706,0.04279
0.94738,0.04062
1.00897,0.04336
1.01932,0.03944
0.98996,0.03356
0.99147,0.02803
0.9834,0.02612
1.04262,0.02357
1.00019,0.0286
0.99993,0.03495
0.99243,0.04262
0.9847,0.04705
0.98748,0.05261
0.98711,0.05552
0.98775,0.05245
0.98389,0.04705
0.99525,0.04364
0.98531,0.04124
0.99071,0.03915
0.98779,0.03605
0.99914,0.03687
0.99783,0.04075
0.9947,0.04563
1.00097,0.05067
0.99066,0.05517
1.00163,0.05984
1.03296,0.06643
1.0048,0.07267
1.01358,0.07725
1.03199,0.0837
1.0609,0.09074
1.07212,0.09806
1.08578,0.10819
1.12456,0.12315
1.1554,0.13841
1.19243,0.15552
1.23705,0.174
1.21348,0.19172
1.131,0.20099
1.12742,0.19751
1.09691,0.18487
1.05819,0.11381
0.98654,0.12298
0.91655,0.15628
0.69109,0.21407
0.55322,0.25975
0.61947,0.28512
0.63859,0.29696
0.68212,0.31754
0.77283,0.35393
0.87128,0.39957
0.97358,0.44769
1.09951,0.48751
1.22205,0.51634
1.30408,0.52967
1.36366,0.5262
1.41413,0.50895
1.43209,0.48182
1.39993,0.44783
1.30447,0.39818
1.19318,0.33596
1.08253,0.25166
1.0054,0.15345
0.98508,0.04291
0.95912,0.07089
0.99658,0.16688
1.69249,0.19682
1.15024,0.11863
0.96567,0.12737
1.2132,0.15025
1.20047,0.15683
1.14723,0.18573
1.12329,0.19143
0.98449,0.18841
0.94251,0.18197
1.00045,0.17497
0.91796,0.19102
0.91617,0.17225
0.97615,0.13983
1.02774,0.13602
1.09789,0.11242
1.03406,0.10629
1.00922,0.09291
1.0372,0.0768
1.06162,0.07945
1.04455,0.08723
1.03742,0.09194
1.0414,0.1015
1.04813,0.12086
1.0375,0.13801
1.00052,0.14106
0.99712,0.14322
0.99466,0.15026
0.98856,0.14378
0.98808,0.13482
0.97402,0.12475
0.97865,0.11135
0.99709,0.10949
0.97707,0.10878
0.98851,0.10546
0.98777,0.10612
0.98158,0.10869
0.98963,0.11439
1.02271,0.12474
1.01898,0.14319
1.02953,0.16976
1.07871,0.19942
1.18473,0.2269
1.30527,0.2478
1.31382,0.26909
1.33367,0.28903
1.29571,0.30401
1.25202,0.32385
1.22659,0.3639
1.20165,0.37414
1.27558,0.38279
1.23667,0.40252
1.18387,0.40412
1.05343,0.37157
0.97784,0.33705
0.96958,0.31928
0.87693,0.20616
0.68232,0.13898
0.61087,0.14944
0.56904,0.22544
0.56321,0.31488
0.60861,0.40415
0.67766,0.48776
0.78202,0.57127
0.87742,0.64356
1.06439,0.70647
1.23557,0.75523
1.35533,0.79679
1.51366,0.82924
1.67693,0.86099
1.832,0.88836
1.93194,0.90214
1.93903,0.90652
1.94873,0.86539
1.87261,0.77852
1.76725,0.68827
1.68324,0.58548
1.30736,0.41105
1.30576,0.33016
1.40329,0.28383
1.37952,0.23538
1.28175,0.20487
1.50728,0.31333
1.89737,0.45291
2.41139,0.51006
1.8929,0.58454
1.47793,0.52943
1.02129,0.47223
1.05007,0.40666
1.13402,0.25305
1.0642,0.22706
1.06981,0.21095
1.0509,0.22741
1.02238,0.20142
1.06175,0.13386
1.0311,0.11694
1.08744,0.09942
1.09611,0.09368
1.06102,0.09129
1.02312,0.08852
1.02845,0.0853
1.01131,0.08489
1.03309,0.08275
1.0263,0.07749
1.0278,0.07336
1.0012,0.07116
1.01633,0.06759
1.0322,0.06409
1.0388,0.06423
1.03978,0.0698
1.0529,0.08033
0.99892,0.09555
0.95842,0.09223
0.97257,0.08694
1.04836,0.10766
1.06907,0.13913
1.08078,0.17296
1.12075,0.20515
1.23487,0.23301
1.3258,0.25902
1.2996,0.28803
1.38814,0.32159
1.44295,0.36542
1.40921,0.38632
1.22842,0.38246
1.30013,0.40639
1.5121,0.45111
1.25776,0.44884
0.8808,0.38799
0.76873,0.32581
0.7666,0.23915
0.47074,0.17764
0.4366,0.15855
0.41848,0.208
0.39634,0.3018
0.43012,0.3797
0.57353,0.45333
0.70678,0.5181
0.82399,0.57705
0.93753,0.62396
1.00061,0.6474
1.14032,0.67066
1.34696,0.69786
1.44902,0.71898
1.53905,0.74231
1.69042,0.74991
1.80021,0.72726
1.79971,0.67799
1.71321,0.60908
1.6277,0.52332
1.59688,0.41891
1.58011,0.25976
1.49603,0.05649
1.37323,0.17801
1.6828,0.274
2.01768,0.26868
1.31609,0.47849
1.8,0.44146
1.58396,0.3194
1.22707,0.31455
0.90487,0.34621
0.80835,0.3257
1.11527,0.23122
1.10735,0.23733
0.98752,0.21725
1.04443,0.16002
1.05681,0.12668
1.05806,0.13287
1.01864,0.15601
1.0022,0.13681
1.02046,0.14075
0.99643,0.14927
0.98071,0.15114
0.97749,0.15215
1.0024,0.15186
1.01858,0.15297
1.0222,0.15806
1.03504,0.15815
1.05743,0.15382
1.07064,0.15106
1.09511,0.149
1.06088,0.15715
1.02387,0.16727
1.00049,0.16845
0.96344,0.17654
1.00861,0.18797
1.12034,0.20721
1.15205,0.23372
1.20075,0.25984
1.19109,0.28115
1.29751,0.30149
1.31822,0.32878
1.36119,0.3683
1.4616,0.42779
1.57532,0.52331
1.3808,0.5294
1.34308,0.49674
1.48745,0.53565
1.25567,0.52328
1.01029,0.47232
1.04096,0.43738
0.82432,0.48627
0.60134,0.51193
0.68332,0.42888
0.51986,0.32986
0.46741,0.3429
0.5446,0.40669
0.61404,0.47453
0.6814,0.5485
0.74162,0.62999
0.85058,0.70686
0.96129,0.76744
1.13152,0.81103
1.40526,0.84929
1.74021,0.88311
2.07218,0.91049
2.18798,0.90323
2.09595,0.84575
2.23373,0.72875
2.31986,0.55514
2.08274,0.35965
1.77706,0.13063
1.57911,0.2947
3.89392,0.33013
1.6821,0.43492
1.62563,0.35695
1.44561,0.37486
1.08447,0.35848
0.89043,0.28864
0.999,0.30896
1.0768,0.30585
0.98351,0.23762
1.12618,0.21349
1.05561,0.18363
1.02936,0.16117
1.08185,0.14095
1.0502,0.13934
1.04953,0.13555
0.98102,0.12603
1.01114,0.13183
0.97506,0.12135
0.95335,0.11318
0.95214,0.10614
0.95544,0.10342
0.99449,0.10454
0.99369,0.10495
0.97429,0.09944
0.99024,0.08475
1.00179,0.08705
1.01749,0.09931
0.99435,0.09256
0.98173,0.08736
1.03721,0.08576
1.08163,0.09206
1.10501,0.10405
1.1446,0.11703
1.10235,0.14
1.04615,0.1558
1.06655,0.14963
1.06513,0.15062
1.00226,0.16486
0.94299,0.17458
0.91726,0.18595
0.84547,0.18966
0.91973,0.1628
0.9617,0.14693
0.98011,0.14903
0.99021,0.16371
0.97772,0.18641
0.97276,0.2006
0.95114,0.18861
0.96317,0.16386
0.98203,0.13771
0.96232,0.11682
0.95683,0.10272
0.94479,0.08743
0.97011,0.07467
0.96473,0.06691
0.95521,0.05773
0.96015,0.04791
0.97776,0.03969
0.9824,0.03557
0.9865,0.03665
0.97939,0.04272
0.99199,0.05253
0.98332,0.06348
0.98877,0.07116
0.99572,0.07727
0.98243,0.08445
0.95404,0.082
0.9693,0.07938
0.97979,0.07151
0.98687,0.06233
0.99273,0.05759
0.98666,0.05078
0.9883,0.0407
0.98749,0.02906
0.99089,0.02088
0.98454,0.01742
0.98707,0.01783
0.99345,0.01841
1.00381,0.02005
0.99501,0.01911
0.99006,0.01795
0.99285,0.01827
1.00623,0.01776
1.00123,0.01591
0.99545,0.01315
1.00637,0.01142
0.99667,0.01149
0.9948,0.01387
0.99777,0.01731
0.97738,0.0155
0.99093,0.0192
0.97921,0.01803
0.98661,0.01913
1.01299,0.01557
0.99267,0.01751
0.9887,0.01735
0.99151,0.01664
0.98979,0.02256
0.98701,0.02441
0.9929,0.02833
1.00336,0.02298
0.99919,0.03359
0.99539,0.04396
0.99078,0.04637
1.00037,0.04247
0.9892,0.03531
0.98672,0.03746
0.96971,0.04642
0.98237,0.05622
0.9886,0.059
0.98704,0.07515
0.97699,0.09786
0.98672,0.12932
0.96481,0.14124
0.97641,0.15593
0.97997,0.17811
0.96651,0.18543
0.97827,0.1759
0.99763,0.16282
0.9943,0.14426
0.99706,0.12402
1.00923,0.11003
0.99222,0.09485
0.99486,0.07929
1.00591,0.07136
1.01484,0.07017
1.022,0.06825
1.02679,0.06457
1.02333,0.05855
1.02661,0.05136
1.02675,0.04374
1.01517,0.04132
1.00026,0.04273
1.00138,0.04598
0.98996,0.04318
0.99856,0.04283
0.9883,0.04097
0.98978,0.03738
0.98432,0.03575
0.98691,0.03505
0.99339,0.03455
0.97471,0.03281
0.95212,0.03378
0.96837,0.02892
0.95152,0.02656
0.9815,0.02779
0.96753,0.02891
0.9675,0.02831
0.9682,0.02789
0.95081,0.03566
0.93789,0.04519
0.94366,0.06727
0.96896,0.09977
0.97491,0.12068
0.97396,0.13359
0.98004,0.13954
0.96202,0.14356
0.9616,0.14849
0.9874,0.15165
1.00335,0.14064
1.00112,0.13427
1.01268,0.12331
1.00243,0.10522
0.99854,0.09392
1.00232,0.08992
0.9866,0.09192
0.99769,0.0939
1.00315,0.09365
1.00844,0.09305
0.99383,0.09289
0.98278,0.09476
0.97332,0.09979
0.98069,0.10656
0.96278,0.11682
0.99169,0.1269
0.97461,0.14975
1.00608,0.14807
0.98139,0.12259
0.95013,0.09749
0.95568,0.08292
0.97212,0.07341
0.96093,0.08082
0.96384,0.09862
1.30249,0.16727
1.35161,0.21939
1.2252,0.24151
1.29348,0.20488
1.13095,0.20732
1.23314,0.21105
0.97082,0.1995
0.88269,0.18028
0.97497,0.16196
1.04005,0.149
1.16739,0.13529
1.0606,0.1108
1.07399,0.0992
1.088,0.08705
1.06197,0.08288
1.02714,0.07788
1.02689,0.06757
1.04215,0.06315
1.0279,0.06527
1.02569,0.06276
1.08173,0.05577
1.07681,0.04806
1.02473,0.04142
0.99057,0.03177
0.97422,0.02418
0.97895,0.03093
0.9625,0.05085
0.95168,0.06459
0.96624,0.07472
0.98611,0.07606
0.98287,0.082
0.96912,0.08549
1.00358,0.08513
0.96439,0.08575
1.04893,0.09938
1.13397,0.12519
1.21987,0.14184
1.27242,0.16532
1.27538,0.21534
1.14128,0.27988
1.10317,0.2887
1.10305,0.28018
1.08541,0.298
1.09653,0.32048
1.10034,0.35499
1.0517,0.37482
1.01635,0.39692
1.07208,0.42621
0.88646,0.36981
0.72871,0.26796
0.62564,0.25202
0.59916,0.30205
0.54326,0.3769
0.54498,0.47657
0.6914,0.60229
0.78925,0.71255
0.88611,0.82261
1.0889,0.92732
1.37179,0.97749
1.53588,0.9796
1.46938,0.97245
1.45666,0.98241
1.42392,0.96155
1.41169,0.8903
1.42813,0.75547
1.86481,0.57771
1.25181,0.30357
0.92951,0.11666
1.27966,0.17665
1.21316,0.25428
1.48274,0.28022
1.31291,0.20958
0.96502,0.0881
0.8999,0.1727
1.04212,0.19705
1.06469,0.14613
1.05547,0.09975
1.02769,0.09222
1.07915,0.07866
1.01794,0.06399
0.98649,0.06511
0.99734,0.06358
1.00946,0.04117
1.00651,0.02943
1.01196,0.03872
1.01286,0.04049
0.99745,0.02692
0.97978,0.02207
0.98886,0.03118
0.99249,0.03822
0.99705,0.03338
1.00294,0.02683
0.99111,0.02653
0.96864,0.03702
0.98831,0.03203
0.99181,0.02238
1.00098,0.01451
1.00094,0.01239
0.98484,0.01389
1.01276,0.02027
1.02269,0.0298
0.9999,0.02288
1.00941,0.02201
1.02224,0.02496
0.97776,0.02859
0.97512,0.03322
0.98697,0.04248
1.01341,0.05599
1.01069,0.07038
1.01906,0.07962
1.04748,0.09093
1.04227,0.10027
1.01491,0.11172
1.0389,0.12241
1.01381,0.13099
1.06605,0.13828
1.0971,0.1476
1.11039,0.15937
1.10515,0.16811
1.15659,0.17607
1.15564,0.18556
1.1438,0.20051
1.16955,0.21688
1.19143,0.2322
1.18297,0.24806
1.15992,0.2648
1.1323,0.28299
1.11931,0.29546
1.15517,0.30232
1.16549,0.30173
1.15303,0.30037
1.08672,0.28313
0.954,0.23863
0.71144,0.16557
0.67075,0.1419
0.59868,0.22974
0.57733,0.32559
0.62623,0.36461
0.65633,0.36662
0.7021,0.36816
0.7356,0.38604
0.79407,0.42057
0.83992,0.45478
0.91968,0.49078
1.01851,0.52746
1.13476,0.56242
1.23173,0.59085
1.29798,0.61028
1.38661,0.62517
1.4222,0.6306
1.46207,0.62305
1.48941,0.60182
1.49347,0.57436
1.4619,0.53653
1.36665,0.48206
1.39321,0.39178
1.37448,0.26375
1.23408,0.13897
1.14063,0.07272
1.17285,0.19457
1.40069,0.28662
1.85196,0.25065
1.50795,0.42318
1.75201,0.41271
1.34752,0.3048
1.3392,0.32047
0.98258,0.32215
0.94721,0.28646
1.13061,0.31454
1.00547,0.34643
1.06543,0.2386
1.04435,0.20858
1.08467,0.18624
1.0204,0.18053
0.99655,0.1619
1.07325,0.13791
1.05656,0.14314
1.06439,0.15911
1.06492,0.15612
1.0433,0.14439
1.01347,0.13484
0.98088,0.12785
0.97805,0.12106
0.9778,0.11573
0.97059,0.10799
0.98243,0.09467
0.97677,0.08748
1.00503,0.0829
1.00821,0.08668
1.00969,0.09118
0.99896,0.09082
1.02269,0.08775
1.00105,0.09197
1.01124,0.10475
1.06374,0.12632
1.08847,0.15538
1.12927,0.18771
1.18491,0.21829
1.23866,0.24377
1.3069,0.2724
1.28318,0.30415
1.2606,0.33704
1.36544,0.37421
1.40832,0.40309
1.22367,0.40367
1.42429,0.43344
1.43302,0.45093
1.22816,0.44361
0.97601,0.40538
0.96195,0.35983
0.85909,0.32543
0.71671,0.33551
0.52118,0.30192
0.4463,0.27689
0.38549,0.25973
0.47632,0.32449
0.52963,0.39845
0.57759,0.45402
0.70221,0.51237
0.86625,0.5661
0.96799,0.6069
1.00915,0.63347
1.13461,0.6648
1.3047,0.69106
1.37465,0.7132
1.52314,0.73362
1.68704,0.74491
1.77605,0.73575
1.79973,0.6926
1.76785,0.60705
1.61767,0.51008
1.50536,0.40887
1.48449,0.28183
1.38486,0.12561
1.25468,0.13405
1.31642,0.27592
1.91398,0.30327
1.76336,0.36451
1.87646,0.54194
1.77422,0.41273
1.41221,0.29843
1.23708,0.35477
0.75522,0.37994
1.04214,0.27672
0.99131,0.26218
1.01802,0.26262
1.01086,0.23456
1.08742,0.25397
1.03088,0.21037
0.98688,0.18923
1.03551,0.18011
1.03662,0.17417
1.03844,0.16777
1.03943,0.16753
1.02793,0.15664
1.05228,0.13714
1.02274,0.12753
1.0221,0.11841
1.02023,0.10766
1.02334,0.1008
1.01985,0.09279
1.00787,0.09477
0.97577,0.09654
0.99343,0.09276
0.98414,0.09559
0.97737,0.10462
0.99752,0.1137
0.973,0.11559
0.96097,0.10406
0.99044,0.10329
1.00328,0.11937
1.05353,0.14377
1.04726,0.17234
1.1015,0.19616
1.18394,0.21484
1.26508,0.23294
1.23712,0.2559
1.17719,0.28228
1.19164,0.30737
1.19553,0.33089
1.2043,0.37219
1.15621,0.40778
1.18943,0.41375
1.29896,0.42618
1.33198,0.44225
1.1731,0.45696
1.00131,0.46741
0.94525,0.43985
0.92304,0.44931
0.69047,0.50324
0.59215,0.50328
0.55854,0.45031
0.52637,0.41109
0.5633,0.42714
0.62319,0.46913
0.73525,0.51901
0.79979,0.57756
0.8976,0.64131
1.02052,0.69407
1.1318,0.72774
1.35477,0.75413
1.58204,0.77425
1.69624,0.78589
1.83732,0.78474
1.90106,0.75645
1.78916,0.69335
1.66136,0.59562
1.6792,0.48379
1.61831,0.32416
1.46215,0.14097
1.27752,0.12714
1.4071,0.28131
2.16997,0.27064
1.48266,0.20553
1.37864,0.35017
1.49416,0.32499
1.30584,0.28997
1.19017,0.32139
1.04446,0.29969
1.04464,0.23647
0.96574,0.25039
1.0246,0.25328
1.00756,0.19365
1.05049,0.18445
1.02814,0.16033
1.03013,0.13874
1.03885,0.1259
1.04141,0.11839
1.03318,0.11502
1.01994,0.1162
0.99081,0.12508
0.97871,0.12303
0.9761,0.12271
0.97106,0.11946
0.99146,0.1146
0.9979,0.10952
1.01292,0.10846
0.99227,0.1053
1.00016,0.09314
1.01578,0.08662
1.0026,0.08928
1.01359,0.09172
0.9951,0.09525
0.99457,0.095
0.93596,0.09141
0.99084,0.09914
1.03702,0.11646
1.02955,0.13706
1.01994,0.16146
1.03166,0.18986
1.13933,0.21305
1.23005,0.23282
1.27243,0.251
1.1685,0.26908
1.1943,0.28499
1.22894,0.29802
1.19403,0.31986
1.22988,0.37473
1.14236,0.42979
1.17264,0.44616
1.2953,0.45421
1.30632,0.47802
1.12531,0.48185
1.04396,0.4476
1.05788,0.41961
0.94505,0.43205
0.67932,0.49126
0.52812,0.472
0.5115,0.416
0.53475,0.39097
0.59404,0.42427
0.59565,0.47942
0.68139,0.52871
0.75749,0.57723
0.88607,0.63018
0.99714,0.67486
1.12084,0.70342
1.31463,0.72301
1.48165,0.73571
1.58513,0.74439
1.7262,0.74627
1.80563,0.72877
1.74055,0.68869
1.73535,0.61807
1.61848,0.50448
1.48274,0.39321
1.43809,0.23975
1.31083,0.07713
1.27721,0.21313
1.22906,0.33469
1.93256,0.3267
1.37983,0.48471
1.82932,0.50701
1.53703,0.37728
1.29058,0.33163
1.06755,0.33699
0.9077,0.30099
1.05608,0.21894
0.97619,0.2583
1.0341,0.22393
1.05326,0.18167
1.09049,0.16105
1.04181,0.15332
1.00516,0.14354
1.04319,0.12739
1.01114,0.12401
1.03165,0.12811
1.01487,0.12692
1.00421,0.12418
1.01218,0.12441
1.00467,0.1222
0.99304,0.12042
1.00576,0.11924
1.02953,0.11805
1.03471,0.11371
1.03175,0.11319
0.99866,0.11416
1.00771,0.11026
1.01627,0.1093
1.01233,0.11489
1.00608,0.12219
0.94084,0.12737
0.99251,0.13451
1.03809,0.1489
1.04925,0.17045
1.0523,0.19615
1.08468,0.22072
1.1831,0.24257
1.27309,0.26103
1.29469,0.27689
1.26703,0.29271
1.23521,0.31233
1.26469,0.3448
1.33117,0.40888
1.16803,0.41764
1.36882,0.42937
1.43943,0.47227
1.17201,0.48028
0.9816,0.47019
1.00936,0.43316
0.80291,0.42289
0.67519,0.44333
0.5108,0.39375
0.47132,0.30836
0.44422,0.29349
0.52187,0.35693
0.55045,0.42948
0.63431,0.48842
0.74887,0.54953
0.85724,0.6089
0.93155,0.65499
1.03283,0.69004
1.21905,0.72335
1.39747,0.74813
1.56068,0.76794
1.71951,0.77863
1.83214,0.77232
1.75353,0.7424
1.66741,0.67934
1.61232,0.54992
1.48856,0.4407
1.44619,0.30057
1.309,0.12042
1.2177,0.15798
1.35942,0.32828
1.66447,0.39433
2.57017,0.30672
1.34663,0.42319
2.40187,0.44807
1.7001,0.30579
1.46884,0.287
1.02255,0.28928
0.94374,0.26333
1.01824,0.23192
0.9888,0.24705
0.96917,0.20182
1.08718,0.19172
1.05052,0.16214
1.02282,0.14564
1.04733,0.13309
1.05084,0.12379
1.05185,0.11474
1.0295,0.11072
1.02469,0.11064
1.00387,0.11845
1.00974,0.12374
1.00474,0.13283
0.9773,0.14222
0.98064,0.1408
0.9635,0.13073
0.96417,0.1181
0.98314,0.10837
1.0007,0.09776
1.00964,0.0948
0.99997,0.09744
0.99894,0.10378
1.01812,0.11461
1.0249,0.13104
1.05312,0.15772
1.05602,0.1922
1.07985,0.23019
1.13161,0.2663
1.30191,0.29069
1.37952,0.30971
1.33981,0.33357
1.24813,0.35648
1.33817,0.38072
1.4826,0.42044
1.34742,0.42574
1.37819,0.44538
1.52644,0.48181
1.2827,0.47953
1.01975,0.44357
0.93618,0.36366
0.86014,0.30804
0.54457,0.30629
0.49522,0.2938
0.44846,0.24839
0.38559,0.27068
0.51767,0.35891
0.57068,0.45155
0.59827,0.51939
0.69773,0.58098
0.83241,0.64602
0.97886,0.70765
1.13948,0.76046
1.31557,0.80695
1.56621,0.84606
1.85211,0.87778
2.03301,0.89286
2.07272,0.87395
2.09535,0.78927
1.81758,0.65557
1.78288,0.5324
1.95107,0.35802
1.70499,0.14008
1.46183,0.14902
1.51132,0.34762
1.69539,0.38236
2.59315,0.23544
1.46518,0.44685
2.26758,0.45933
1.64884,0.33419
1.38984,0.31673
0.92509,0.32461
0.78715,0.30369
1.06263,0.23819
0.99211,0.25515
0.99154,0.21484
1.15201,0.19695
1.09735,0.17612
1.00276,0.15557
1.03307,0.13912
1.05879,0.12506
1.05029,0.12003
1.02777,0.12212
1.02938,0.12069
1.01323,0.12344
0.99798,0.12086
1.00282,0.1238
0.99613,0.12992
0.97884,0.13111
0.99599,0.12973
0.98734,0.12609
1.0074,0.1298
1.01467,0.13831
1.01468,0.13493
0.98801,0.13356
0.9843,0.14462
1.0654,0.16854
1.1028,0.19944
1.11223,0.23464
1.17393,0.27036
1.29047,0.29903
1.43844,0.3235
1.40263,0.34919
1.37969,0.38136
1.48075,0.42653
1.499,0.43791
1.26197,0.41784
1.53614,0.4668
1.48523,0.49786
1.21484,0.47169
1.06588,0.43197
0.87608,0.34088
0.82894,0.29536
0.55411,0.28833
0.51089,0.23186
0.39642,0.20731
0.46466,0.27238
0.51104,0.36244
0.51416,0.44311
0.61263,0.52554
0.71536,0.60684
0.83653,0.68004
0.97132,0.74403
1.16008,0.80028
1.41014,0.85195
1.70351,0.89461
2.01345,0.9256
2.19152,0.93488
2.19189,0.89568
2.11076,0.79021
2.09695,0.6462
2.15433,0.47784
2.12845,0.22773
1.67894,0.10428
1.58698,0.35093
1.66459,0.38951
2.13516,0.27232
2.01414,0.43917
1.88473,0.46062
1.48702,0.39245
1.22793,0.40443
0.64836,0.39202
0.99344,0.33294
1.17155,0.27797
1.05911,0.29811
1.0425,0.24182
1.07171,0.21118
1.04585,0.23392
1.05161,0.18492
1.05024,0.1712
1.01561,0.17881
1.05626,0.15667
1.08389,0.14529
1.03335,0.14535
0.98688,0.13806
0.98903,0.12652
0.9738,0.11538
0.99104,0.10702
0.99693,0.09894
1.00713,0.10004
1.0191,0.10343
1.02119,0.10787
0.96998,0.11278
0.94308,0.11456
0.97643,0.13232
1.12525,0.16135
1.15779,0.19472
1.19535,0.22854
1.24754,0.26334
1.35114,0.29783
1.43313,0.3312
1.50385,0.37801
1.56325,0.46167
1.63886,0.50809
1.42304,0.47546
1.45138,0.45476
1.59881,0.49162
1.37497,0.47426
1.16338,0.43843
0.8963,0.36436
0.97667,0.24326
0.53668,0.17584
0.4407,0.2458
0.41363,0.2547
0.33359,0.28078
0.38494,0.35725
0.46747,0.44322
0.59075,0.50929
0.70215,0.58059
0.81536,0.65799
0.95888,0.7242
1.09756,0.77113
1.29181,0.81203
1.51527,0.84043
1.73923,0.86686
2.03356,0.8916
2.13945,0.89138
2.17879,0.83336
2.01596,0.70404
1.97085,0.56802
2.15458,0.37069
1.90834,0.12566
1.67291,0.18714
1.42953,0.36197
2.46701,0.30328
1.54871,0.42467
2.09987,0.49391
1.53004,0.39981
1.55436,0.3787
1.0658,0.37121
0.86928,0.34851
1.00627,0.26428
1.12384,0.2723
1.06448,0.22321
1.14657,0.21042
1.05828,0.19108
0.99272,0.16455
0.99618,0.14616
1.02732,0.13714
1.02984,0.13457
1.03362,0.13017
1.04389,0.1232
1.01508,0.11359
1.01958,0.1047
1.02601,0.10259
1.01749,0.10591
1.00523,0.10327
1.01912,0.10123
1.0358,0.1088
1.03376,0.11782
1.06367,0.1269
1.01526,0.13621
0.98305,0.14895
1.00843,0.16981
1.07026,0.2064
1.11101,0.25159
1.15913,0.29608
1.30409,0.32999
1.4435,0.35604
1.4824,0.38586
1.44519,0.41793
1.50246,0.45917
1.5877,0.48311
1.32798,0.45664
1.62478,0.49268
1.50028,0.49111
1.11882,0.44755
0.89557,0.38593
0.92328,0.31455
0.54006,0.28031
0.40934,0.27123
0.37319,0.2207
0.38246,0.23775
0.41071,0.31932
0.45901,0.40193
0.57664,0.47596
0.69708,0.55345
0.78257,0.62908
0.9002,0.69669
1.04932,0.75521
1.22043,0.80393
1.44783,0.8416
1.67267,0.87213
1.94899,0.89719
2.18378,0.89584
2.07548,0.85342
1.94891,0.74893
1.94045,0.62031
2.09371,0.46996
1.94141,0.24629
1.49431,0.12347
1.50855,0.37306
1.79612,0.5208
3.59664,0.3818
1.22265,0.57398
2.51423,0.65692
1.60599,0.41112
1.50617,0.36976
1.03334,0.39423
0.936,0.32985
1.07758,0.29971
1.10293,0.29378
1.09648,0.23551
1.12808,0.21693
1.06821,0.1952
1.04995,0.17934
1.07306,0.15764
1.046,0.14909
1.01321,0.14919
1.00879,0.15807
0.9925,0.16015
0.99218,0.1506
1.00055,0.14259
0.98287,0.13173
0.96277,0.12515
0.95961,0.1171
0.97107,0.11323
0.97577,0.11233
0.98869,0.11074
1.00814,0.11459
0.99184,0.12361
0.95218,0.1348
1.02464,0.15694
1.06408,0.19982
1.10212,0.24735
1.18455,0.29252
1.33335,0.3271
1.49747,0.35285
1.5457,0.38425
1.4217,0.41409
1.53176,0.4386
1.5927,0.47079
1.42364,0.4705
1.56428,0.5032
1.48614,0.49487
1.21171,0.46567
1.00453,0.3962
1.16383,0.32981
0.59163,0.35888
0.47367,0.38264
0.44252,0.3402
0.51824,0.30701
0.48931,0.35075
0.48428,0.42614
0.58311,0.49959
0.68369,0.57739
0.77679,0.65348
0.89156,0.72624
1.0695,0.78949
1.25296,0.83415
1.46917,0.86843
1.75947,0.90113
2.10659,0.93
2.33864,0.93622
2.32377,0.86883
2.0664,0.74314
1.896,0.60665
2.10105,0.42284
1.93298,0.17052
1.587,0.22499
1.49838,0.46142
2.16498,0.4441
2.0041,0.4331
2.35103,0.63403
1.865,0.56638
1.68452,0.43013
1.36561,0.41333
0.58204,0.418
1.00357,0.3757
1.21322,0.32119
1.13267,0.32582
1.04743,0.25832
1.02399,0.24339
1.04993,0.24836
1.08715,0.19625
1.07626,0.2084
1.03958,0.20908
1.06718,0.16119
1.0583,0.13794
1.0044,0.1169
0.97957,0.09761
1.00078,0.08424
1.00921,0.07524
1.01764,0.07792
1.01282,0.08967
1.01626,0.10109
1.03198,0.11247
1.04028,0.12736
1.01639,0.14064
0.96255,0.14308
1.02195,0.15074
1.10727,0.17986
1.14248,0.21714
1.19525,0.25483
1.25755,0.28752
1.40405,0.31395
1.47138,0.3425
1.37479,0.37986
1.44701,0.44174
1.58455,0.4807
1.37209,0.46213
1.65227,0.48379
1.57925,0.53943
1.33315,0.53354
1.03503,0.45576
0.94979,0.3727
0.75487,0.30063
0.44693,0.26789
0.35617,0.25487
0.40324,0.2547
0.33843,0.33645
0.43174,0.4276
0.50973,0.50897
0.61475,0.58824
0.75843,0.65912
0.92252,0.72068
1.04419,0.76497
1.22326,0.80331
1.42999,0.83603
1.66984,0.86432
1.89085,0.8875
2.11125,0.89314
2.03651,0.85812
1.92769,0.75177
1.85388,0.62313
1.90971,0.49588
1.92349,0.2936
1.57923,0.09552
1.4809,0.26912
1.55995,0.45339
1.92357,0.42984
3.35764,0.22083
2.01746,0.62854
2.3066,0.55968
1.33378,0.36167
1.38814,0.37076
0.7867,0.38759
0.81629,0.33258
1.13343,0.3036
1.12624,0.34225
1.03708,0.26133
1.12264,0.23769
1.16762,0.22206
1.04966,0.19649
1.00893,0.19509
1.09646,0.17719
1.10597,0.16784
1.03441,0.15951
1.00621,0.1424
0.97435,0.12248
0.96572,0.11054
0.96619,0.10571
0.9811,0.10584
0.97548,0.10595
0.98584,0.10609
1.0031,0.11146
0.99201,0.11605
0.99069,0.11446
0.96948,0.11602
0.96894,0.13144
1.0581,0.15746
1.11235,0.19192
1.18023,0.22743
1.24832,0.25893
1.32936,0.28644
1.44379,0.32048
1.53667,0.38122
1.57977,0.47846
1.64348,0.51996
1.4641,0.49735
1.50409,0.46742
1.677,0.50705
1.37571,0.49244
0.95122,0.43317
0.88308,0.34794
1.01752,0.27845
0.49443,0.29356
0.46258,0.33732
0.45584,0.34264
0.42446,0.36628
0.45135,0.42988
0.53045,0.49791
0.65808,0.55799
0.78565,0.62762
0.90758,0.69987
1.02376,0.75745
1.16002,0.80029
1.36778,0.83725
1.62697,0.85758
1.83669,0.86914
1.95498,0.8748
2.06201,0.87338
2.06201,0.80525
1.91144,0.6716
1.869,0.52234
1.95234,0.32073
1.70769,0.14698
1.53029,0.30694
1.52335,0.40716
2.20565,0.32922
1.74375,0.46487
2.01019,0.49505
1.38426,0.41387
1.49557,0.40464
0.97612,0.40074
0.87998,0.37768
1.23123,0.26628
1.13291,0.28242
1.12508,0.2656
1.06958,0.18945
0.99263,0.19673
1.04513,0.21141
1.11682,0.14471
0.98884,0.18209
0.97169,0.16406
1.02381,0.11884
1.04735,0.11359
0.97378,0.12046
0.97681,0.11915
1.00905,0.10814
1.01198,0.10106
1.03389,0.1018
1.04256,0.10012
1.0402,0.10265
1.04138,0.10804
1.04252,0.11688
1.0254,0.12631
1.03863,0.14831
1.07754,0.1813
1.12848,0.21684
1.21202,0.25135
1.25592,0.2783
1.27814,0.30056
1.36322,0.31926
1.35523,0.34705
1.45648,0.40289
1.47188,0.45832
1.5416,0.4706
1.32741,0.43895
1.49262,0.45846
1.53425,0.48543
1.19578,0.44194
0.91791,0.35661
0.84671,0.30217
0.90126,0.20257
0.5738,0.17058
0.40816,0.18845
0.32046,0.20117
0.35519,0.26481
0.43342,0.35448
0.55301,0.43306
0.64792,0.51165
0.75255,0.58526
0.89515,0.65393
1.05345,0.71139
1.20529,0.75221
1.36717,0.77851
1.51579,0.79816
1.67014,0.8154
1.79793,0.82942
1.93135,0.82942
1.85042,0.81297
1.89488,0.74544
1.67614,0.64373
1.62815,0.55621
1.62311,0.40049
1.50477,0.24061
1.42016,0.22586
1.46822,0.3488
1.61086,0.40854
2.1606,0.35378
1.87851,0.43912
1.85045,0.50714
1.38591,0.40509
1.1434,0.34734
1.29979,0.3831
0.93957,0.36809
1.03686,0.28402
1.0161,0.25622
1.08598,0.25205
1.10176,0.20212
1.10681,0.19355
1.04259,0.2018
1.06853,0.16363
1.02827,0.14615
0.98001,0.13718
1.0204,0.11145
1.0473,0.10357
0.98214,0.10057
0.96278,0.09276
0.97153,0.08578
0.9922,0.08708
0.99368,0.08839
0.97461,0.09022
0.98648,0.08635
1.0271,0.08606
1.05642,0.09365
1.03251,0.10495
0.97907,0.10868
0.99204,0.12427
1.08493,0.15684
1.13386,0.1986
1.19994,0.23628
1.27609,0.26839
1.39413,0.28904
1.50461,0.31173
1.48489,0.34045
1.53855,0.3972
1.52346,0.42428
1.531,0.42546
1.36099,0.42268
1.55765,0.45662
1.49253,0.50139
1.26847,0.44845
0.92702,0.38276
0.76226,0.31603
0.86488,0.19001
0.5743,0.10473
0.41041,0.13467
0.42902,0.22587
0.43474,0.34194
0.47608,0.43971
0.56088,0.53225
0.69878,0.63222
0.83424,0.7267
1.00387,0.80195
1.20863,0.85261
1.37652,0.88747
1.6216,0.91491
1.84706,0.93303
2.07024,0.93317
2.20998,0.92029
2.16145,0.88741
2.37493,0.82214
1.88388,0.69158
1.81318,0.56043
2.11234,0.38993
1.89219,0.19478
1.77254,0.28438
1.83143,0.47727
2.36913,0.45341
2.59557,0.43654
2.71906,0.66392
1.76099,0.49715
1.89005,0.43921
1.27619,0.47859
1.08674,0.37055
1.13175,0.32367
1.07988,0.30302
1.22914,0.21938
1.19887,0.21111
1.12771,0.1689
1.0132,0.15793
1.01442,0.13723
0.99934,0.12294
0.99283,0.12112
1.00302,0.1261
0.9814,0.12176
0.97677,0.11091
0.98916,0.1088
0.96375,0.11406
0.94568,0.11576
0.96135,0.11504
1.00026,0.11343
1.01564,0.12009
1.03821,0.12774
1.03599,0.13672
0.99153,0.15372
1.03031,0.18246
1.09839,0.22066
1.15236,0.2625
1.19552,0.30455
1.33788,0.3414
1.52036,0.3763
1.57991,0.42416
1.65545,0.49718
1.79936,0.50197
1.61221,0.47636
1.77469,0.51074
1.58341,0.51308
1.29097,0.46868
1.0566,0.40677
0.89737,0.31295
0.53424,0.26152
0.46507,0.22402
0.35903,0.16708
0.36547,0.1989
0.34729,0.30524
0.41802,0.40762
0.50276,0.49624
0.59714,0.58012
0.72381,0.66119
0.87308,0.7327
1.04737,0.79498
1.27265,0.85129
1.53823,0.89742
1.81839,0.92969
2.14358,0.9483
2.27043,0.93476
2.13871,0.8525
2.10887,0.72673
2.02157,0.5862
2.20025,0.3975
1.88209,0.1494
1.58888,0.22871
1.63013,0.40272
2.46954,0.3478
1.85426,0.5732
2.26393,0.64684
1.64562,0.45186
1.68801,0.40117
1.00577,0.40248
0.84808,0.37182
1.0803,0.2783
1.11904,0.27657
1.01235,0.2176
1.13983,0.21808
1.08481,0.20447
1.04354,0.1698
0.9772,0.16195
1.03309,0.14738
1.04249,0.14334
1.00135,0.13959
0.99465,0.12722
0.99652,0.11692
1.01614,0.11015
1.01209,0.10628
1.02588,0.10423
1.02888,0.09359
1.02518,0.09009
1.0543,0.09093
1.05021,0.09609
1.05811,0.10465
1.0432,0.11694
1.02089,0.13319
1.01419,0.15366
1.04762,0.17515
1.0712,0.20108
1.14722,0.23106
1.17769,0.26221
1.18585,0.29204
1.27262,0.31842
1.37854,0.3427
1.37001,0.37445
1.43927,0.41448
1.61642,0.49614
1.53616,0.52474
1.47995,0.50148
1.6156,0.52428
1.32288,0.50553
0.9084,0.4612
0.99502,0.41574
0.94543,0.40598
0.48747,0.38839
0.42026,0.35966
0.53368,0.32025
0.46425,0.3441
0.49634,0.41258
0.60312,0.48115
0.71765,0.55778
0.82129,0.63692
0.93418,0.70282
1.00813,0.75668
1.13638,0.7963
1.32045,0.83104
1.57409,0.86155
1.80154,0.88616
2.04056,0.89856
2.21199,0.87681
2.10092,0.79582
2.00126,0.66524
1.99706,0.51636
2.03209,0.32178
1.73779,0.06945
1.32602,0.24669
2.10599,0.40402
2.774,0.36369
2.40471,0.60266
1.73589,0.48959
1.38473,0.41369
1.05245,0.43374
0.79585,0.39995
1.05726,0.30187
1.22481,0.32806
1.09386,0.3123
1.01611,0.23333
1.05901,0.22935
1.04501,0.21162
1.0078,0.22952
0.97503,0.24561
1.06706,0.2104
1.00533,0.1757
0.95589,0.15061
0.96799,0.12843
1.0085,0.11065
1.02646,0.0966
1.02243,0.08471
1.03721,0.07885
1.04219,0.08389
1.07151,0.09414
1.08591,0.1088
1.06464,0.12443
1.03758,0.13238
1.00238,0.13895
1.03916,0.15663
1.12406,0.18987
1.15506,0.22366
1.20641,0.25823
1.26004,0.29258
1.31758,0.32151
1.41606,0.34513
1.3763,0.37397
1.42463,0.41311
1.55087,0.49752
1.47829,0.54081
1.45904,0.53287
1.5545,0.55276
1.39639,0.56147
0.99533,0.51689
0.91843,0.44432
1.0465,0.41843
0.65029,0.3808
0.47479,0.33973
0.47929,0.29468
0.40929,0.30769
0.4891,0.37667
0.61534,0.45581
0.68916,0.53374
0.72626,0.61297
0.84634,0.68686
0.9741,0.75088
1.09491,0.80185
1.27944,0.8455
1.58475,0.88632
1.87195,0.919
2.14434,0.9415
2.329,0.93055
2.22056,0.85921
2.23191,0.71744
2.34536,0.53669
2.35671,0.28049
1.89252,0.08741
1.25566,0.40976
3.3534,0.33443
1.65409,0.56753
2.34307,0.53676
1.39156,0.4151
1.37555,0.4358
0.70561,0.4473
1.01587,0.35998
1.24213,0.36703
1.14252,0.36787
0.95062,0.27271
1.05973,0.2677
1.10854,0.21209
0.96295,0.20298
1.01896,0.18552
1.05836,0.1425
1.02749,0.12887
1.03335,0.12509
1.00685,0.1117
0.99024,0.10092
0.99608,0.09726
1.00753,0.0945
1.00886,0.09402
1.02709,0.1014
0.99571,0.11152
0.99515,0.11409
0.99862,0.12101
0.99434,0.12854
1.00363,0.12929
1.01869,0.13362
1.04788,0.1459
1.0749,0.16823
1.13513,0.19741
1.1536,0.22973
1.18313,0.25694
1.25734,0.28213
1.36276,0.31436
1.3969,0.352
1.40559,0.41097
1.50093,0.50136
1.57775,0.52794
1.48311,0.49763
1.70389,0.53397
1.47334,0.55623
1.11238,0.53006
0.93318,0.4503
1.13135,0.40897
0.61817,0.34515
0.54646,0.28676
0.42949,0.25711
0.33348,0.30134
0.37691,0.37285
0.50185,0.45167
0.61451,0.53038
0.70825,0.60749
0.83026,0.68143
0.94399,0.7477
1.07033,0.80807
1.2671,0.8583
1.60317,0.8978
1.88609,0.92298
2.12583,0.93041
2.26902,0.91526
2.12665,0.84255
2.06506,0.70247
2.06254,0.54886
2.26241,0.33203
1.84097,0.09034
1.6037,0.31319
1.86418,0.46842
2.72566,0.37021
1.55167,0.55489
2.23459,0.59383
1.61363,0.43509
1.36947,0.40396
0.94612,0.41742
0.91176,0.37081
1.36363,0.29621
1.06101,0.33818
1.08605,0.26658
1.09669,0.19661
1.0799,0.20807
1.0606,0.17035
0.99778,0.1954
1.07873,0.17498
1.06114,0.15569
1.01678,0.14219
1.00728,0.12887
1.00147,0.11876
0.99047,0.11375
1.01215,0.11183
0.99891,0.11175
1.01261,0.1116
1.01927,0.11018
1.02581,0.11474
1.01934,0.11796
0.99281,0.13062
0.95291,0.14514
1.02728,0.16397
1.12566,0.19874
1.15043,0.24255
1.20324,0.28553
1.33717,0.31916
1.52038,0.35312
1.53923,0.40097
1.60396,0.47899
1.76109,0.53869
1.59319,0.52262
1.5795,0.5053
1.69725,0.55893
1.32367,0.52931
1.08287,0.46125
1.07415,0.37674
1.02993,0.34333
0.47597,0.32936
0.41306,0.30412
0.40354,0.276
0.3864,0.31745
0.45779,0.40119
0.53399,0.487
0.61054,0.57249
0.70499,0.66158
0.82786,0.74468
0.99706,0.81636
1.19311,0.88032
1.46326,0.93443
1.88143,0.97893
2.32012,1.00805
2.55788,1.00055
2.41844,0.90882
2.2831,0.75151
2.2281,0.578
2.51087,0.33057
1.95081,0.07587
1.67221,0.33015
2.1979,0.46949
2.9006,0.30774
1.63544,0.52323
2.25831,0.56831
1.70266,0.45734
1.32879,0.42467
0.8592,0.40961
0.82748,0.36521
1.23493,0.27289
1.08734,0.27689
1.15463,0.2441
1.06829,0.18381
1.03396,0.18295
1.05176,0.15889
1.03299,0.16403
0.98319,0.17979
1.05011,0.15159
1.07675,0.14143
1.03126,0.13882
1.01924,0.13318
1.02184,0.13653
0.98221,0.14103
0.99216,0.13132
1.00865,0.12106
1.02168,0.12826
1.03196,0.13698
1.0004,0.14596
0.97343,0.15959
1.06216,0.19025
1.17057,0.23031
1.212,0.2709
1.23022,0.31078
1.30517,0.34346
1.44133,0.374
1.555,0.41992
1.66454,0.52071
1.90789,0.56989
1.50084,0.51319
1.60989,0.48864
1.69455,0.53559
1.29727,0.48586
1.02654,0.42455
1.00991,0.3278
0.74375,0.29019
0.42819,0.28749
0.43552,0.27798
0.39363,0.27127
0.28858,0.34121
0.33455,0.43649
0.45403,0.52444
0.6002,0.60999
0.74265,0.6927
0.96701,0.77081
1.14024,0.83316
1.30007,0.87586
1.66891,0.91359
2.1339,0.94443
2.34107,0.96195
2.4266,0.90435
2.32564,0.77678
2.1658,0.6152
2.21982,0.42043
2.06889,0.17822
1.61531,0.2711
1.70738,0.47467
3.29174,0.33653
2.11138,0.5084
2.27723,0.47193
1.78259,0.44575
0.87119,0.40381
0.82255,0.3583
1.09211,0.29475
1.10097,0.25624
1.06366,0.22174
1.04274,0.18431
1.06072,0.16279
1.02951,0.15298
0.97698,0.14602
0.95579,0.13116
0.937,0.11974
0.97796,0.11339
0.96762,0.11001
0.95836,0.10473
0.96737,0.09974
0.96433,0.09893
0.98932,0.09978
1.00226,0.10018
0.97783,0.09998
0.99661,0.10326
1.03733,0.10918
1.0523,0.1183
1.03788,0.12144
1.05467,0.12259
1.06743,0.12094
1.03639,0.11693
1.02823,0.1102
1.0837,0.10844
1.0403,0.12217
1.0669,0.1078
1.1104,0.10346
1.0169,0.10555
0.95466,0.11621
0.9351,0.11812
0.92684,0.1145
0.92718,0.11196
0.93848,0.10644
0.94797,0.09601
0.94816,0.08088
0.93042,0.06586
0.92211,0.05537
0.93916,0.04867
0.95724,0.04732
0.95335,0.05205
0.95743,0.05942
0.97027,0.06879
0.97858,0.08545
0.98596,0.0965
1.00083,0.10399
0.99563,0.11233
0.9848,0.11842
0.99828,0.12629
0.9796,0.1426
1.00633,0.15921
1.01132,0.1735
0.97909,0.18909
0.94151,0.20254
0.92667,0.1998
0.91953,0.18027
0.94546,0.15494
0.96484,0.13697
0.98317,0.12793
0.97207,0.12788
0.98738,0.12622
1.0116,0.13258
1.00364,0.1173
1.02511,0.09807
1.01383,0.08642
1.01339,0.08196
1.03104,0.09116
1.01003,0.08793
1.02428,0.09022
1.05373,0.10738
1.04753,0.12983
1.01204,0.14053
0.99689,0.13917
1.05998,0.14665
1.05515,0.1523
1.01447,0.15511
1.05225,0.16113
1.05485,0.16358
1.02912,0.16209
1.00365,0.16455
0.93402,0.16592
0.87957,0.14844
0.86739,0.13174
0.83403,0.12116
0.83886,0.12077
0.98146,0.14319
1.04336,0.21981
1.34818,0.2155
1.19894,0.17533
1.28135,0.18556
1.3061,0.19128
1.10303,0.16973
1.10527,0.14288
1.08496,0.12678
1.05205,0.12786
1.0673,0.12407
1.04119,0.10347
1.04777,0.0979
1.03589,0.09877
0.99373,0.09345
0.96866,0.12044
0.99185,0.10476
0.99544,0.08478
1.01257,0.06923
0.99452,0.062
0.97997,0.06804
0.99069,0.06081
0.98712,0.05528
0.99291,0.04646
0.99216,0.03161
0.988,0.02453
0.99546,0.02286
1.00009,0.02191
1.01668,0.02113
1.02275,0.02218
1.01562,0.02305
1.00061,0.02106
0.96678,0.02485
0.9594,0.0447
0.97854,0.06069
0.97982,0.06087
0.98604,0.05712
0.99243,0.05525
1.00509,0.06272
0.99887,0.071
0.98897,0.06484
1.00855,0.05239
0.99293,0.05529
0.98965,0.06447
0.9996,0.07665
0.99599,0.09494
0.98754,0.11073
1.00636,0.1307
1.00027,0.16144
1.02114,0.18627
1.02184,0.20527
1.04483,0.20581
1.1394,0.21586
1.25124,0.24317
1.29317,0.26657
1.29498,0.26544
1.24598,0.25346
1.19059,0.25816
1.15084,0.26363
1.11179,0.23368
0.99902,0.19119
0.83782,0.11961
0.86265,0.07254
0.78699,0.11072
0.80435,0.17692
0.86115,0.24609
0.86998,0.31275
0.94722,0.37338
1.05285,0.42757
1.10804,0.47266
1.16982,0.50654
1.20121,0.53211
1.27019,0.54779
1.32368,0.55278
1.33358,0.5464
1.34711,0.53216
1.27928,0.50146
1.23898,0.43344
1.21436,0.34733
1.12864,0.24505
1.12393,0.13245
1.12241,0.06116
1.14415,0.15603
1.29383,0.23223
1.8834,0.16214
1.33776,0.18541
1.48935,0.23954
1.38973,0.25388
1.15853,0.25916
1.05711,0.26621
0.99453,0.27017
0.90458,0.21801
0.92441,0.19604
0.97893,0.18108
1.03508,0.16395
1.03057,0.16864
1.01611,0.1669
1.02334,0.13999
1.02353,0.10517
1.04245,0.0948
1.0132,0.08963
1.02643,0.091
0.99343,0.09879
0.99507,0.11368
0.99652,0.13037
0.99047,0.1431
0.9881,0.14997
1.01405,0.15268
1.00149,0.15355
0.99915,0.14627
1.02254,0.14174
1.02237,0.14243
1.05511,0.13736
1.05101,0.1363
1.05295,0.14432
1.06159,0.15187
1.07589,0.14878
1.07491,0.14817
1.02771,0.15509
1.01135,0.15167
1.00979,0.13906
1.02537,0.14021
1.06934,0.15571
1.08537,0.18157
1.08518,0.20844
1.11278,0.23203
1.28715,0.2514
1.21809,0.27001
1.20449,0.30035
1.2015,0.31351
1.22124,0.32738
1.31956,0.36902
1.24258,0.39513
1.34494,0.41123
1.40278,0.43071
1.22459,0.45705
0.94238,0.4591
0.9452,0.45598
0.84368,0.48304
0.58992,0.53035
0.45675,0.52607
0.54824,0.43116
0.52846,0.36283
0.45529,0.3893
0.62658,0.45162
0.71421,0.51573
0.80386,0.58176
0.98244,0.63834
1.05216,0.662
1.17674,0.66976
1.30546,0.68751
1.48313,0.71503
1.6638,0.73913
1.7798,0.74145
1.79506,0.7052
1.7652,0.63517
1.70458,0.54484
1.50978,0.44018
1.48147,0.30618
1.40715,0.13436
1.21201,0.05932
1.28818,0.23605
1.60321,0.23523
1.44161,0.19315
1.49555,0.2685
1.66975,0.3159
1.22188,0.25695
0.92654,0.22211
0.91018,0.21027
0.93316,0.18174
0.90857,0.15673
0.97394,0.16709
1.01291,0.13462
1.05176,0.11599
1.08283,0.09791
1.04247,0.07604
1.00417,0.06297
1.0468,0.05667
1.04983,0.06391
1.03033,0.07837
0.98424,0.08093
0.96538,0.07948
0.974,0.08447
0.96766,0.09291
0.97112,0.09705
0.98762,0.09684
0.99002,0.10155
0.98352,0.10414
1.00037,0.10325
1.01632,0.1027
1.02088,0.10487
1.00709,0.10913
1.01356,0.11051
1.00946,0.11285
0.99498,0.1203
0.99282,0.1234
1.01463,0.13062
1.05754,0.14185
1.07833,0.14983
1.09127,0.16518
1.09094,0.18333
1.09455,0.20522
1.13582,0.23412
1.16884,0.25855
1.18926,0.28316
1.16816,0.30669
1.20764,0.32701
1.35641,0.35271
1.37062,0.40895
1.30835,0.40698
1.3078,0.36788
1.30588,0.36393
1.35338,0.40247
1.4057,0.41967
1.26765,0.41582
1.14205,0.3909
1.04242,0.33188
1.00391,0.27536
0.94233,0.23501
0.83381,0.19886
0.76606,0.1765
0.73972,0.1922
0.67361,0.22607
0.59993,0.26325
0.61397,0.29993
0.5885,0.32564
0.60788,0.34652
0.59758,0.36394
0.67263,0.37732
0.80432,0.38344
0.92028,0.37429
1.00984,0.34801
1.02311,0.31358
1.73629,0.30039
1.15452,0.11653
1.20838,0.13325
1.21121,0.14506
1.16536,0.17792
1.0871,0.2119
1.05655,0.2393
0.97072,0.24894
0.96898,0.25077
1.01554,0.25141
1.0816,0.25997
1.15286,0.27171
1.1526,0.27654
1.09151,0.27093
1.01034,0.25077
0.85808,0.24558
0.67096,0.26124
0.5556,0.2442
0.55942,0.23025
0.54197,0.22249
0.56753,0.2312
0.65949,0.26422
0.76983,0.30087
0.89887,0.34371
1.04134,0.3876
1.08146,0.42986
1.0994,0.46921
1.15845,0.49535
1.20184,0.49332
1.18949,0.47723
1.1855,0.44663
1.18712,0.40456
1.21088,0.36168
1.20286,0.33063
1.17268,0.31427
1.17078,0.30963
1.18571,0.29898
1.16592,0.28081
1.11166,0.26447
1.01294,0.25218
0.94058,0.24885
1.00507,0.25222
1.12351,0.25632
1.10494,0.26736
1.10108,0.28233
1.09729,0.28189
1.07461,0.28018
1.11009,0.30028
1.11926,0.33364
1.10942,0.39813
1.09804,0.46685
1.0813,0.48735
1.09812,0.4369
1.13419,0.33694
1.14398,0.22302
1.08635,0.14908
1.07544,0.14285
1.08439,0.15332
1.04922,0.13716
1.12622,0.09209
0.95677,0.10258
1.25157,0.15981
1.2014,0.15083
0.98264,0.12719
1.17259,0.11028
1.25904,0.11506
1.02877,0.12968
0.97778,0.16862
0.99811,0.19682
0.96456,0.17847
1.00684,0.11636
1.00013,0.09249
0.95953,0.09127
0.9698,0.10611
1.06867,0.13756
1.01285,0.13753
1.00049,0.12725
1.00552,0.1215
0.99395,0.12195
1.03901,0.12007
1.03642,0.1157
0.99392,0.12115
1.02186,0.12555
1.02183,0.12454
1.00352,0.12866
1.01956,0.1312
1.01485,0.12634
1.01441,0.1146
1.03027,0.1022
1.04356,0.09022
1.06014,0.08136
1.05981,0.07213
1.06084,0.06782
1.06925,0.07021
1.09077,0.07748
1.09681,0.09335
1.07026,0.10687
1.03198,0.12121
0.9839,0.1254
0.96731,0.12142
0.98149,0.13214
1.02823,0.15548
1.0597,0.18463
1.14111,0.21035
1.25974,0.23074
1.22055,0.24377
1.21924,0.25571
1.22859,0.26609
1.09235,0.28402
1.11885,0.30839
1.20752,0.35901
1.16663,0.37833
1.23769,0.377
1.28486,0.39612
1.12121,0.38928
1.06876,0.37349
1.04749,0.34619
0.96968,0.27397
0.86,0.21672
0.63919,0.14149
0.57745,0.07811
0.47691,0.13863
0.46308,0.23343
0.52867,0.31359
0.59417,0.38761
0.73032,0.45808
0.84368,0.52813
0.96627,0.58772
1.04885,0.63028
1.16342,0.67118
1.28241,0.71636
1.42882,0.75997
1.55954,0.79752
1.6464,0.84329
1.77116,0.87595
1.87083,0.86188
1.88739,0.78303
1.73155,0.63817
1.67456,0.51014
1.62685,0.3724
1.55711,0.24738
1.52121,0.16217
1.33121,0.17866
1.36505,0.30579
2.50569,0.24601
1.52574,0.26836
1.36761,0.39587
1.19976,0.39395
1.21044,0.38003
0.93516,0.37503
1.02958,0.27807
1.04337,0.23136
0.99336,0.23561
1.0727,0.19705
1.11176,0.20217
1.11726,0.18076
1.0407,0.15562
1.01382,0.15085
1.11085,0.1201
1.08783,0.10976
1.09286,0.10481
1.06792,0.09673
1.04198,0.08905
1.02574,0.08846
0.97596,0.08611
0.96613,0.0811
0.96457,0.08245
0.94771,0.08301
0.96164,0.08626
0.96608,0.09073
0.97279,0.08821
1.00167,0.0862
1.00001,0.08918
1.00408,0.09317
0.99963,0.09496
0.97052,0.10144
0.97458,0.11245
1.04309,0.12759
1.04468,0.14886
1.04461,0.1749
1.09547,0.20061
1.17637,0.21678
1.26014,0.22413
1.22264,0.23677
1.23894,0.26179
1.28934,0.30552
1.28859,0.35064
1.2739,0.37549
1.22049,0.37277
1.26423,0.37113
1.38378,0.40251
1.21632,0.38828
1.13547,0.38236
1.01354,0.37216
1.01113,0.32501
0.837,0.3864
0.47861,0.40255
0.46869,0.34649
0.47932,0.30672
0.60781,0.33202
0.61008,0.40269
0.63324,0.46755
0.72089,0.51729
0.87046,0.56193
0.98915,0.60454
1.0794,0.63006
1.17448,0.65039
1.31787,0.676
1.39833,0.69776
1.49671,0.72145
1.65362,0.74036
1.74832,0.73709
1.69674,0.70338
1.78582,0.63435
1.55916,0.53522
1.54537,0.43395
1.70712,0.27562
1.6045,0.11016
1.56121,0.19142
1.32188,0.3307
2.4463,0.2461
1.24376,0.2851
1.64092,0.38555
1.63445,0.32114
1.45107,0.28795
1.20553,0.27943
0.89025,0.26082
1.0047,0.2575
0.97437,0.26979
1.01706,0.20923
1.0508,0.20152
1.06683,0.17622
1.049,0.16645
1.02798,0.15545
1.0402,0.1497
1.03246,0.1465
1.04957,0.1497
1.02568,0.15169
1.03292,0.15105
1.02135,0.15211
0.99958,0.15272
0.9951,0.1518
0.97245,0.14513
0.97783,0.13271
1.00588,0.11452
1.01125,0.11077
1.02185,0.11945
1.03073,0.12626
1.01824,0.12585
0.96441,0.12895
0.96923,0.13346
1.09073,0.15068
1.1103,0.1803
1.12105,0.21301
1.13391,0.24235
1.23722,0.26613
1.35626,0.28969
1.24458,0.32155
1.28612,0.36305
1.4249,0.40412
1.57176,0.43966
1.45964,0.43858
1.47514,0.44783
1.52082,0.46376
1.25655,0.42839
1.117,0.4125
1.11729,0.35413
0.92112,0.39482
0.50738,0.41559
0.56557,0.36582
0.45896,0.30685
0.53022,0.32673
0.55399,0.39873
0.62175,0.47124
0.65958,0.53075
0.73002,0.58794
0.88363,0.64574
0.98489,0.69319
1.11488,0.73769
1.3086,0.78565
1.51879,0.82861
1.79312,0.86787
2.06342,0.90254
2.16117,0.90584
2.31796,0.81129
2.05425,0.67205
1.99422,0.54137
2.1782,0.32088
1.81793,0.09306
1.57837,0.26934
1.53497,0.41715
2.71781,0.30351
1.2814,0.45934
1.78412,0.55866
1.75059,0.46499
1.70105,0.38084
1.1867,0.34101
0.80485,0.32822
1.02506,0.30031
1.05577,0.30281
1.0081,0.23282
1.16994,0.22017
1.0968,0.18828
1.02179,0.19242
1.06135,0.15774
1.05946,0.13366
1.02389,0.11746
1.02461,0.09829
1.03176,0.08367
1.03552,0.07733
1.03158,0.07768
0.96614,0.0787
0.9806,0.07772
0.95157,0.08238
0.95765,0.08667
0.98137,0.08975
0.9945,0.09512
1.02366,0.10071
1.0303,0.10963
0.99027,0.12098
0.99554,0.13874
1.03872,0.16547
1.0805,0.1992
1.16369,0.22853
1.19911,0.25081
1.2207,0.27245
1.30617,0.29474
1.33595,0.32399
1.33713,0.39028
1.46688,0.42548
1.56377,0.4199
1.36066,0.40986
1.535,0.44657
1.42335,0.46332
1.16369,0.41954
0.93458,0.37456
0.80192,0.29374
0.8248,0.19028
0.58854,0.09819
0.5144,0.09967
0.47893,0.16698
0.46988,0.25782
0.50172,0.34179
0.57299,0.41596
0.65083,0.48998
0.74439,0.56107
0.86532,0.63198
1.00852,0.6921
1.14611,0.74872
1.34331,0.80124
1.59451,0.84956
1.86216,0.8899
2.08033,0.92382
2.16416,0.93811
2.26152,0.87689
2.01651,0.72978
1.92065,0.60585
2.14906,0.39616
1.87831,0.18209
1.73085,0.29538
1.23906,0.45019
2.59515,0.33022
1.53616,0.41673
1.77274,0.47432
1.51729,0.39756
1.38701,0.37823
0.99983,0.38624
0.88996,0.33418
1.09209,0.25316
1.04135,0.25742
1.10228,0.22161
1.19163,0.24954
1.08404,0.21665
1.02859,0.18944
1.04313,0.17977
1.05367,0.16479
1.01412,0.15019
1.0001,0.13409
1.03253,0.11916
1.01064,0.11467
0.99317,0.0971
0.99358,0.08438
0.96498,0.08249
0.95046,0.08116
0.98382,0.07647
1.00021,0.07834
1.00555,0.08387
1.04492,0.07897
1.04204,0.08617
0.97639,0.09944
0.98524,0.11297
1.05505,0.1425
1.1449,0.17815
1.16784,0.21079
1.21278,0.23965
1.29033,0.26317
1.40186,0.28449
1.33452,0.31224
1.40115,0.36963
1.41355,0.39549
1.36354,0.39079
1.19994,0.38527
1.5414,0.44698
1.37558,0.47446
1.18874,0.44362
0.83079,0.36678
0.81133,0.29074
0.75045,0.15207
0.59367,0.04688
0.46178,0.07278
0.31115,0.19472
0.36267,0.29172
0.42735,0.37459
0.5922,0.4558
0.72063,0.53687
0.86423,0.60612
1.01299,0.65926
1.15427,0.6968
1.30253,0.73052
1.47102,0.76521
1.61725,0.79729
1.7338,0.82708
1.789,0.83206
1.8111,0.81063
1.82141,0.76052
1.74647,0.71061
1.88383,0.59413
1.49909,0.48091
1.82922,0.3908
1.90844,0.23271
1.7333,0.25127
1.56955,0.37537
2.42576,0.38121
2.11018,0.43632
2.21949,0.59258
2.14312,0.49971
1.44172,0.41516
0.96404,0.40126
0.8135,0.32454
1.0304,0.29966
0.97907,0.25755
1.17597,0.24664
1.11023,0.21607
1.05957,0.19124
1.10162,0.17476
1.0458,0.15838
1.04442,0.1381
1.02248,0.1127
1.04353,0.09521
1.01379,0.09754
0.99962,0.09868
0.95143,0.09962
0.94084,0.09302
0.93208,0.0826
0.94307,0.08789
0.94217,0.09589
0.97976,0.09364
1.00852,0.09271
1.00494,0.09616
1.0028,0.10609
0.97914,0.1225
1.02752,0.1499
1.0857,0.18722
1.15462,0.2297
1.24232,0.26378
1.32411,0.2874
1.36078,0.31079
1.38865,0.34661
1.33682,0.40165
1.40786,0.44153
1.53383,0.43493
1.43868,0.4257
1.6066,0.4628
1.46642,0.4711
1.25043,0.43166
0.97872,0.3887
0.92383,0.28291
0.84483,0.21696
0.5084,0.18422
0.44507,0.16722
0.41961,0.18765
0.4223,0.27494
0.49168,0.37543
0.59423,0.45237
0.69291,0.53092
0.82499,0.60155
0.94064,0.66214
1.07904,0.72097
1.27028,0.77489
1.45985,0.81635
1.59791,0.83498
1.71791,0.84592
1.83913,0.84372
1.84313,0.82049
1.86478,0.78287
1.82402,0.68365
1.60033,0.58717
1.70474,0.48511
1.79788,0.30813
1.62647,0.16038
1.53023,0.29902
1.55756,0.48864
2.7706,0.4157
1.85467,0.44583
2.1713,0.57613
1.46582,0.46225
2.25782,0.44801
1.5515,0.42925
0.97957,0.38756
1.00941,0.33236
1.10681,0.31298
1.04887,0.2751
1.11206,0.24401
1.12382,0.20185
1.03155,0.18584
1.04645,0.1554
1.04613,0.13048
1.05077,0.11279
1.01328,0.09752
0.99099,0.08552
0.99209,0.0783
0.98913,0.07339
0.97201,0.07191
0.94347,0.07239
0.93149,0.06622
0.98274,0.06024
0.99935,0.06601
0.97118,0.07638
0.92678,0.07223
0.93955,0.07243
0.97081,0.08467
1.01186,0.09554
1.04469,0.1066
1.05254,0.12778
1.06879,0.15298
1.14194,0.18145
1.18896,0.21365
1.23337,0.24389
1.34952,0.27092
1.46275,0.29783
1.44463,0.34053
1.47607,0.41039
1.59929,0.45321
1.59671,0.44519
1.34511,0.41794
1.67229,0.48569
1.37979,0.49328
1.20443,0.45641
0.8557,0.36133
1.00357,0.27562
0.5503,0.17529
0.497,0.15385
0.43737,0.16166
0.39379,0.23675
0.401,0.3314
0.46086,0.41518
0.55313,0.49176
0.66584,0.56747
0.79486,0.63773
0.91876,0.70032
1.08057,0.75638
1.30272,0.80599
1.55565,0.84494
1.742,0.87197
1.96157,0.89125
2.11718,0.88846
2.18143,0.83473
2.02521,0.71672
1.9734,0.59204
2.11111,0.43501
2.02214,0.19887
1.65176,0.16626
1.66905,0.38916
2.96417,0.36537
1.82605,0.5097
2.73568,0.63402
1.55413,0.46152
1.38792,0.39491
1.15195,0.43202
0.89875,0.43056
1.2596,0.2847
0.99882,0.32918
1.10213,0.24106
1.18459,0.234
1.10277,0.28782
1.06873,0.22872
1.05627,0.17016
1.009,0.18093
1.04776,0.15454
1.07954,0.13913
1.00968,0.1412
0.9947,0.14246
1.00732,0.12844
1.00306,0.11697
1.02265,0.11586
1.01989,0.11803
1.03366,0.11656
1.06199,0.12188
1.0658,0.12691
1.07835,0.13457
1.04944,0.14711
1.025,0.14455
1.03642,0.15191
1.12431,0.18208
1.18301,0.21899
1.19528,0.25698
1.22003,0.29338
1.30529,0.32631
1.43782,0.36261
1.4042,0.40856
1.54422,0.47948
1.70098,0.52334
1.5306,0.48697
1.59744,0.48506
1.61165,0.52132
1.28665,0.49652
0.94879,0.4275
0.88896,0.35697
0.79593,0.32531
0.45833,0.3022
0.36432,0.29228
0.44035,0.28585
0.38925,0.33307
0.38996,0.41417
0.50662,0.49036
0.62553,0.56807
0.7321,0.64641
0.85397,0.71701
0.9689,0.77225
1.16422,0.82233
1.454,0.86768
1.74398,0.90009
2.03077,0.92847
2.24914,0.93225
2.2246,0.87468
2.19967,0.76615
2.23197,0.60689
2.33238,0.4081
1.98661,0.16697
1.52126,0.21021
1.84345,0.43178
3.16776,0.3662
2.18303,0.69714
1.91555,0.59264
1.58827,0.44844
1.29481,0.4208
0.82624,0.35925
1.02395,0.30545
1.12476,0.32687
1.10546,0.26703
1.09862,0.21648
1.06069,0.19331
0.99228,0.18997
0.99665,0.17808
1.02481,0.15073
1.02593,0.13581
1.01113,0.12607
0.99524,0.11696
0.99464,0.11224
1.00445,0.11271
1.00832,0.11086
1.01618,0.11197
1.01789,0.11335
1.02166,0.11186
1.03462,0.11053
1.0581,0.11451
1.0467,0.12746
1.01101,0.13867
0.96401,0.14624
1.01905,0.16548
1.08718,0.19325
1.11105,0.22578
1.14249,0.25723
1.19694,0.2843
1.28246,0.30874
1.35693,0.3387
1.41314,0.37917
1.59813,0.45958
1.77226,0.56737
1.55595,0.59912
1.31247,0.56998
1.47168,0.58377
1.38593,0.59968
1.09355,0.5793
0.90947,0.49292
0.90874,0.52783
0.53954,0.54408
0.6374,0.47499
0.62108,0.41539
0.51638,0.43139
0.57257,0.49452
0.67351,0.56476
0.74543,0.6439
0.81835,0.72557
0.91895,0.79681
1.05166,0.84878
1.24114,0.87675
1.52183,0.89148
1.81178,0.90564
2.10931,0.91098
2.14999,0.87673
2.19644,0.79511
2.14561,0.66442
2.20774,0.48385
2.24862,0.228
1.67726,0.10828
1.73659,0.33414
3.5138,0.30672
1.479,0.36821
1.96317,0.49813
1.87452,0.32213
1.4805,0.28374
0.96644,0.28862
0.73821,0.29154
1.2206,0.20632
1.08504,0.26019
0.95879,0.20192
1.062,0.14398
1.07546,0.12043
1.0157,0.12118
1.02321,0.12336
0.97496,0.11669
0.97055,0.11717
1.03036,0.13115
1.01701,0.14807
1.01312,0.1617
1.02966,0.17338
1.05264,0.17603
1.03614,0.17121
1.038,0.17106
1.05817,0.17138
1.0696,0.16564
1.07002,0.16433
1.03915,0.17144
1.01968,0.17295
1.00569,0.17478
0.96486,0.1857
1.02458,0.20058
1.11796,0.22427
1.16687,0.25435
1.18455,0.28499
1.27493,0.31177
1.38838,0.3449
1.35786,0.39302
1.35104,0.45956
1.537,0.54528
1.66004,0.53851
1.44518,0.492
1.63867,0.5036
1.45385,0.51505
1.20348,0.52613
1.16211,0.49075
0.82609,0.58441
0.50068,0.5931
0.55043,0.52179
0.52749,0.44096
0.47323,0.43938
0.51661,0.50315
0.64504,0.55575
0.76417,0.59462
0.82504,0.64027
0.86707,0.68647
0.93783,0.72727
1.14289,0.767
1.34296,0.80281
1.58717,0.83476
1.85897,0.86321
2.13508,0.87461
2.17395,0.84794
2.04754,0.7688
1.99483,0.62989
2.05484,0.46528
2.12948,0.21375
1.61724,0.14716
0.98695,0.4067
2.88301,0.34497
1.41832,0.58362
2.55966,0.52262
1.94108,0.35504
1.31315,0.31785
0.85777,0.29027
0.9856,0.262
1.0705,0.27358
0.95076,0.20596
1.09412,0.1839
1.06943,0.16601
1.0415,0.15596
1.0462,0.15759
1.04154,0.16104
1.0279,0.15533
1.02622,0.14522
1.03139,0.14318
1.00384,0.14548
0.98432,0.14128
0.95262,0.13145
0.9517,0.1297
0.95987,0.13253
0.98272,0.13095
1.00699,0.13199
1.03735,0.12976
1.05572,0.12902
1.03282,0.13527
0.97582,0.14394
0.95047,0.15366
1.02613,0.17635
1.05694,0.20659
1.08335,0.24391
1.13353,0.2813
1.28174,0.30827
1.3945,0.32363
1.42778,0.34018
1.38436,0.36795
1.41495,0.41904
1.55275,0.48721
1.32248,0.44357
1.59357,0.47334
1.52391,0.49699
1.22151,0.46872
1.00687,0.40929
1.10592,0.3138
0.7909,0.3019
0.54406,0.28119
0.52327,0.231
0.395,0.21714
0.40978,0.28197
0.46151,0.3674
0.5639,0.44284
0.61688,0.50935
0.71307,0.57953
0.85764,0.64819
0.95919,0.71047
1.15052,0.76677
1.37801,0.81996
1.59421,0.86249
1.85071,0.89096
2.11947,0.9007
2.14383,0.87504
2.19937,0.78167
1.90602,0.66303
1.92475,0.53612
2.13923,0.31331
1.67815,0.09451
1.53196,0.31835
1.71451,0.50495
2.98638,0.43657
1.83136,0.53989
2.47254,0.69509
1.56631,0.43467
1.51709,0.39013
1.16495,0.4225
1.04537,0.32569
1.17039,0.35538
1.07141,0.32136
1.12553,0.29661
1.17297,0.2606
1.05762,0.24343
1.14667,0.21722
1.09832,0.18954
1.05863,0.1632
1.03245,0.14247
1.01126,0.12318
1.0006,0.10777
0.96563,0.09419
0.96683,0.08496
0.95378,0.08484
0.94237,0.08745
0.95545,0.0882
0.96752,0.10092
0.94859,0.1075
0.9673,0.10125
0.96632,0.10153
0.97606,0.10687
0.97099,0.10997
1.01275,0.12775
1.10608,0.16333
1.14503,0.20385
1.19823,0.2422
1.26533,0.27232
1.38493,0.29621
1.42623,0.32957
1.39524,0.38739
1.39211,0.47
1.6007,0.49828
1.442,0.44472
1.58377,0.46963
1.56997,0.51362
1.31757,0.50546
1.09764,0.44226
1.01722,0.33379
0.93742,0.31076
0.44637,0.27882
0.47264,0.24517
0.45025,0.22599
0.41292,0.29144
0.49674,0.37746
0.49629,0.45615
0.6368,0.52092
0.77202,0.58213
0.85671,0.64661
0.95061,0.70666
1.11373,0.7656
1.36695,0.81854
1.59411,0.86154
1.83081,0.89456
2.09703,0.90805
2.19496,0.88104
2.08475,0.79692
1.95553,0.68868
1.90531,0.56437
2.13799,0.37393
1.84456,0.12936
1.61606,0.24255
1.62555,0.46695
3.33142,0.37791
1.66084,0.42326
2.53783,0.62559
1.97845,0.44553
1.47549,0.3514
1.06783,0.38031
0.73868,0.37121
1.06426,0.27294
0.98193,0.29383
1.10936,0.24367
1.16306,0.2307
1.08032,0.20747
1.00498,0.19879
1.04672,0.18282
1.07483,0.17051
1.06862,0.16572
1.0564,0.17077
1.02972,0.16189
1.00473,0.13934
1.00915,0.12403
0.99721,0.12016
0.97572,0.11938
0.98404,0.10996
0.97233,0.10294
0.98584,0.10659
0.99361,0.11612
1.01601,0.12076
0.99879,0.12534
0.9586,0.13287
0.98094,0.15731
1.11441,0.19364
1.12517,0.23542
1.16746,0.27827
1.26691,0.31412
1.4182,0.34033
1.53782,0.37819
1.45237,0.42339
1.49899,0.47214
1.67137,0.49486
1.4775,0.46507
1.62419,0.48736
1.62586,0.52611
1.31923,0.4736
1.10331,0.42085
0.97404,0.30588
0.69722,0.26832
0.46705,0.25711
0.41996,0.23302
0.43872,0.22872
0.42766,0.2924
0.42234,0.3853
0.53774,0.46719
0.63553,0.54629
0.70337,0.62523
0.81192,0.69531
0.9492,0.7643
1.14503,0.82529
1.42832,0.88121
1.74167,0.92305
2.12514,0.96308
2.4105,0.97898
2.36082,0.909
2.26756,0.78698
2.30624,0.63147
2.54002,0.4188
2.2129,0.15369
1.96957,0.24407
2.25953,0.39736
2.49568,0.29952
2.25338,0.52852
1.90655,0.45784
1.56292,0.36953
1.22808,0.37848
0.65834,0.37578
1.06752,0.28207
1.04588,0.29033
1.09422,0.23686
1.18623,0.21059
1.06743,0.19149
1.00109,0.17245
1.02212,0.15961
1.03587,0.15035
1.01543,0.14825
1.03137,0.1552
1.03482,0.15792
1.02751,0.15063
1.02924,0.14998
1.01168,0.13712
1.01434,0.1247
1.02394,0.1194
1.03943,0.11327
1.06521,0.11551
1.0728,0.12937
1.04767,0.1376
0.94829,0.14727
0.96088,0.16656
1.07186,0.20703
1.11688,0.25177
1.15944,0.29705
1.24715,0.33168
1.39048,0.34999
1.48465,0.36598
1.40948,0.39451
1.49784,0.44949
1.70343,0.51278
1.45547,0.47277
1.69407,0.49478
1.68154,0.56207
1.37238,0.52959
0.89272,0.42857
1.04528,0.34316
0.57498,0.18989
0.47284,0.08123
0.43249,0.09229
0.35303,0.22244
0.30229,0.34218
0.36856,0.43182
0.48172,0.51358
0.64071,0.60498
0.75527,0.68678
0.88295,0.75393
1.02665,0.81003
1.18549,0.86052
1.48703,0.9054
1.84168,0.94355
2.21446,0.97016
2.36828,0.95365
2.30407,0.8691
2.30054,0.72772
2.22025,0.55592
2.51829,0.33703
2.05271,0.09929
1.70481,0.35303
2.29988,0.47297
3.14499,0.35934
2.01434,0.6977
2.35105,0.52787
1.54948,0.33273
1.35041,0.34186
0.74362,0.34881
1.13446,0.28131
1.05611,0.30287
1.02988,0.26114
1.137,0.21594
1.07055,0.1934
1.02306,0.18026
1.04196,0.16884
1.01678,0.16658
1.01836,0.16373
1.01619,0.16022
1.0133,0.16123
1.00793,0.16239
1.01286,0.15328
1.00494,0.14507
1.03055,0.14483
1.0165,0.13299
1.02828,0.1218
1.05681,0.11778
1.04033,0.12707
1.0246,0.13725
0.95945,0.1418
0.98694,0.15985
1.13469,0.19797
1.13861,0.24476
1.18948,0.28868
1.25439,0.32178
1.38975,0.34803
1.51352,0.38517
1.46015,0.43949
1.60023,0.52245
1.73058,0.52079
1.5668,0.48335
1.82617,0.53119
1.52096,0.53893
1.33493,0.4947
0.96913,0.40647
1.01907,0.33834
0.54021,0.26455
0.43044,0.19813
0.39248,0.16804
0.30401,0.2485
0.32403,0.35017
0.39478,0.44539
0.50496,0.53084
0.64444,0.62
0.79317,0.69829
0.95834,0.76398
1.08373,0.82269
1.27959,0.8788
1.61249,0.92428
2.00916,0.95568
2.27459,0.97145
2.37357,0.94293
2.27619,0.83978
2.18937,0.69305
2.25914,0.52378
2.41914,0.28044
1.88118,0.12238
1.82929,0.37794
2.85813,0.37405
2.04844,0.42465
2.52983,0.6086
1.75364,0.42955
1.74196,0.39044
1.09952,0.43347
0.94191,0.4164
1.1037,0.2931
1.16482,0.32132
1.07335,0.24794
1.16999,0.22396
1.05422,0.20917
0.95684,0.20325
1.00103,0.18144
1.04725,0.17134
1.04398,0.15966
1.0091,0.14995
1.01998,0.13861
1.04434,0.12807
1.03608,0.12195
1.0301,0.11704
1.03688,0.1103
1.01988,0.10645
1.02557,0.10788
1.04138,0.11844
1.04575,0.13218
0.99869,0.1455
0.94962,0.1549
1.00925,0.17797
1.14892,0.21538
1.20834,0.2502
1.19974,0.2803
1.21212,0.30747
1.33524,0.32872
1.39989,0.35549
1.36893,0.3995
1.46468,0.47335
1.58641,0.49903
1.45549,0.46228
1.72431,0.497
1.66037,0.52463
1.32742,0.48502
0.95897,0.40502
1.06651,0.30638
0.68339,0.24939
0.49416,0.2338
0.39578,0.23566
0.41775,0.25115
0.42136,0.31845
0.40643,0.40996
0.52705,0.49202
0.63714,0.56958
0.75731,0.6485
0.87213,0.72079
0.99275,0.78633
1.16976,0.84261
1.46064,0.89359
1.76826,0.93165
2.10976,0.97141
2.36607,0.98799
2.31953,0.92875
2.31342,0.81298
2.26966,0.6594
2.53873,0.42919
2.25843,0.13452
1.71526,0.21733
1.68633,0.48078
3.12312,0.42349
1.75493,0.4072
2.33492,0.57027
1.67188,0.45283
1.49369,0.36456
1.24231,0.3791
0.71759,0.35917
1.10663,0.29243
1.1956,0.30746
1.05361,0.29126
1.05982,0.22939
1.07917,0.24296
1.035,0.19702
0.99376,0.1715
1.08015,0.15715
1.04586,0.15378
1.05511,0.14495
1.03147,0.13021
1.0238,0.12535
1.00967,0.11835
1.00877,0.10951
1.02045,0.10452
1.01092,0.11281
1.03428,0.11796
1.04354,0.11751
1.05204,0.13197
0.95571,0.14588
0.91794,0.14789
1.04696,0.17535
1.13816,0.22107
1.15482,0.26821
1.21274,0.30958
1.34723,0.3379
1.47566,0.36204
1.45449,0.38849
1.48883,0.42622
1.63773,0.48518
1.64495,0.48274
1.43567,0.46513
1.78094,0.53158
1.4502,0.51813
1.12078,0.4692
0.78684,0.37832
0.92472,0.30175
0.50233,0.228
0.42545,0.18676
0.42353,0.19298
0.36802,0.26186
0.38966,0.35489
0.43805,0.44056
0.55033,0.52241
0.65487,0.59906
0.79572,0.67449
0.94783,0.74392
1.08609,0.8011
1.28329,0.84625
1.5643,0.88165
1.8401,0.90963
2.17021,0.93536
2.26369,0.93467
2.23174,0.84348
2.13822,0.71707
2.25573,0.58128
2.44504,0.32418
1.9278,0.10466
1.63672,0.33047
1.9331,0.44466
2.9382,0.30879
1.74387,0.57893
2.21495,0.58173
1.52605,0.38308
1.41442,0.39593
0.82479,0.39243
1.08253,0.33288
1.22207,0.30181
1.09938,0.30905
0.98942,0.22273
1.07986,0.22133
1.11231,0.17893
0.9394,0.17291
1.02483,0.15298
1.05616,0.14381
1.05335,0.14426
1.03001,0.14065
1.02227,0.13411
0.99466,0.12259
0.99321,0.11578
1.00741,0.11152
1.00701,0.11251
1.02271,0.11766
1.04209,0.11901
1.04339,0.12057
1.0306,0.12911
0.98893,0.13986
0.97255,0.15187
1.05008,0.17902
1.11825,0.21744
1.12928,0.2574
1.16149,0.29483
1.29322,0.32034
1.42134,0.34202
1.41482,0.36986
1.39743,0.40702
1.5097,0.46245
1.62992,0.47495
1.3015,0.43207
1.60946,0.47558
1.52832,0.49235
1.19958,0.45804
0.8982,0.38394
0.91755,0.30732
0.64027,0.24602
0.51262,0.19972
0.41223,0.17286
0.34936,0.20917
0.39644,0.29514
0.47115,0.38986
0.53564,0.47529
0.64678,0.55206
0.76341,0.62213
0.87265,0.68819
0.97036,0.74371
1.15402,0.79221
1.42452,0.83867
1.64548,0.87814
1.92091,0.91165
2.15585,0.92099
2.1504,0.86388
2.06083,0.76139
2.03003,0.634
2.22487,0.47245
2.04134,0.23996
1.61808,0.11899
1.54336,0.35983
1.85334,0.4255
3.31129,0.25025
1.60218,0.59321
2.3109,0.54696
1.42049,0.33375
1.53565,0.34671
0.92183,0.36699
0.88791,0.31643
1.05457,0.26768
1.07616,0.29909
1.05305,0.23192
1.17004,0.21864
1.04494,0.20155
1.00223,0.19156
1.02708,0.17816
1.05217,0.17063
1.05818,0.16586
1.04823,0.17288
1.01538,0.17645
0.99161,0.16812
0.97401,0.14723
0.99736,0.12907
1.00885,0.11886
1.03546,0.11425
1.02992,0.1093
1.03524,0.10181
1.05507,0.10248
1.01159,0.11471
0.95107,0.11997
0.96694,0.13589
1.10994,0.17326
1.16693,0.21405
1.20255,0.25093
1.23702,0.28324
1.33496,0.31014
1.42016,0.34054
1.4399,0.39128
1.52212,0.47749
1.69415,0.50752
1.43067,0.46976
1.60698,0.48942
1.59467,0.53411
1.29442,0.49215
0.90537,0.40501
0.9245,0.3005
0.89391,0.25396
0.48106,0.25863
0.39471,0.24589
0.37002,0.25935
0.4142,0.32377
0.4686,0.42066
0.52993,0.50466
0.63058,0.58423
0.76265,0.66108
0.89463,0.73124
1.00733,0.78602
1.18906,0.82454
1.47046,0.86188
1.77803,0.89019
2.0651,0.92026
2.22655,0.94116
2.27502,0.88661
2.19322,0.777
2.12798,0.64175
2.29828,0.4099
2.01622,0.13919
1.57382,0.19177
1.10471,0.38004
2.58836,0.29837
1.56668,0.49533
1.99456,0.50675
1.36158,0.37641
1.48931,0.37283
0.91539,0.36338
0.74482,0.33107
1.15247,0.25755
1.05369,0.26431
1.09685,0.24191
1.07004,0.18972
1.02519,0.1944
1.00062,0.18798
1.05758,0.15183
1.0181,0.15724
1.00997,0.14085
1.02781,0.12974
0.99191,0.12689
0.97332,0.12165
0.95701,0.10839
0.98195,0.10287
0.98426,0.10183
1.00726,0.0979
1.03283,0.09719
1.0504,0.10094
1.04383,0.10784
1.02374,0.11657
0.997,0.12674
0.99296,0.13897
1.05986,0.16326
1.13491,0.19432
1.13787,0.22833
1.19905,0.25851
1.28475,0.28131
1.40107,0.29939
1.42353,0.32069
1.49667,0.37507
1.54619,0.42999
1.62246,0.46461
1.40625,0.45722
1.23038,0.42951
1.30651,0.43146
1.39423,0.4587
1.14809,0.40248
0.85745,0.35094
0.77338,0.26205
0.72194,0.12636
0.51161,0.08563
0.36946,0.15438
0.38592,0.23925
0.45999,0.33769
0.53986,0.42259
0.70028,0.48727
0.77988,0.55525
0.92638,0.61507
1.13648,0.66
1.25179,0.68723
1.3058,0.71102
1.44981,0.75415
1.61576,0.78626
1.70178,0.79096
1.75075,0.78555
1.72577,0.77334
1.71973,0.75051
1.68032,0.71437
1.60865,0.6804
1.51335,0.58142
1.31586,0.52201
1.36279,0.46882
1.32194,0.38905
1.24735,0.34534
1.21368,0.39108
1.19669,0.47642
1.26388,0.55293
1.53088,0.58729
2.4632,0.53994
2.11142,0.62801
1.70556,0.45687
1.30724,0.35236
1.1792,0.35426
0.86691,0.31841
1.02928,0.22572
0.9509,0.1971
1.08419,0.18404
1.09578,0.16528
1.02712,0.18689
1.02262,0.20165
1.04276,0.17178
1.07075,0.14451
0.99745,0.13719
1.04516,0.13024
1.09387,0.13211
1.05207,0.12547
1.0345,0.11244
1.04292,0.09916
1.00688,0.09405
1.00014,0.0886
0.99477,0.08032
0.99232,0.06899
0.98118,0.06206
0.97317,0.05814
0.98488,0.05911
0.97517,0.05915
0.98714,0.06058
0.98924,0.06445
0.95264,0.0715
0.96689,0.08029
0.97749,0.08757
1.00362,0.09062
1.00962,0.09627
1.0328,0.10679
1.05531,0.11751
1.06584,0.13703
1.10815,0.1515
1.12183,0.1732
1.18075,0.20687
1.25995,0.23691
1.2995,0.26261
1.27668,0.29996
1.35568,0.32979
1.39764,0.34167
1.30634,0.35133
1.17438,0.35159
1.28452,0.36522
1.39774,0.4002
1.15658,0.39307
0.95755,0.3595
0.7064,0.29032
0.68014,0.19701
0.63791,0.08337
0.50757,0.096
0.41904,0.18002
0.40537,0.27794
0.4821,0.38964
0.57671,0.47029
0.67513,0.52473
0.79265,0.58998
0.99412,0.64077
1.15866,0.67438
1.27691,0.71188
1.42795,0.75319
1.60947,0.77483
1.76849,0.76758
1.79786,0.73512
1.78648,0.69086
1.91874,0.60165
1.60002,0.4741
1.4012,0.37837
1.34289,0.27914
1.24816,0.23456
1.40301,0.25736
1.39884,0.29764
1.57718,0.3904
1.32848,0.40033
1.69923,0.32897
1.95497,0.39597
1.27108,0.39676
0.92018,0.35688
0.98954,0.3671
0.90744,0.28429
0.98985,0.19897
0.93691,0.15873
1.01742,0.14613
1.07877,0.15927
1.07337,0.1567
1.05632,0.12429
1.03837,0.10272
1.04102,0.09165
1.04175,0.08762
1.05376,0.08582
1.02943,0.08638
0.96759,0.09413
0.94769,0.09356
0.95834,0.0963
0.97591,0.10121
0.98587,0.10682
0.96986,0.10599
0.98227,0.10625
0.97748,0.1043
1.01258,0.09339
1.00554,0.0823
1.01073,0.07681
1.00774,0.07669
1.00726,0.07008
0.99041,0.06692
0.99704,0.06493
1.02336,0.06003
1.00063,0.06212
1.01265,0.05955
1.02675,0.05713
1.01451,0.05482
1.00172,0.05382
1.01531,0.05324
1.02705,0.05881
1.0158,0.06447
1.00524,0.06381
1.01699,0.05923
1.02068,0.05905
0.99132,0.0602
1.01145,0.05988
1.0171,0.0649
1.0245,0.08057
1.01246,0.08846
1.01495,0.09653
1.02965,0.09844
1.0903,0.09901
1.05253,0.10275
1.05288,0.11651
1.0749,0.12581
1.10348,0.13692
1.07322,0.15334
1.0458,0.1604
1.01059,0.16365
1.01645,0.17466
0.99703,0.18959
0.98349,0.20769
0.98814,0.22194
1.09756,0.23429
1.13386,0.26086
1.19971,0.28737
1.29814,0.30964
1.23718,0.33199
1.13854,0.33573
1.11569,0.31687
1.05064,0.28081
0.92404,0.30667
0.67503,0.37472
0.50379,0.32346
0.47389,0.26891
0.56697,0.31456
0.64348,0.38457
0.70515,0.43661
0.76993,0.46248
0.9177,0.48225
1.0182,0.50803
1.04142,0.53606
1.1121,0.56249
1.19016,0.58544
1.22335,0.60126
1.27842,0.61531
1.39106,0.62905
1.48489,0.63132
1.51835,0.61707
1.48201,0.5914
1.45709,0.55643
3.32832,0.45649
2.23009,0.34293
1.03654,0.38103
0.60143,0.19691
1.03714,0.1004
1.21491,0.13945
1.17503,0.10889
1.47142,0.13813
1.44558,0.21222
1.57188,0.27396
1.34149,0.18114
1.21868,0.17471
1.00235,0.18845
0.88579,0.18693
0.90768,0.20092
0.92798,0.25217
0.91884,0.19935
0.95702,0.17969
1.14023,0.19089
1.0832,0.18083
1.01299,0.17937
1.0071,0.1792
1.03476,0.17951
1.05499,0.17529
1.04886,0.16975
1.02486,0.16023
1.0379,0.15304
1.01285,0.14715
0.98261,0.13454
0.98275,0.12012
0.99618,0.10147
1.0172,0.09181
1.02063,0.0921
1.02083,0.09016
1.02014,0.08046
1.03485,0.07563
1.02775,0.08097
1.01768,0.09075
1.02647,0.09848
1.02126,0.10504
1.01913,0.11398
1.02013,0.12991
0.98967,0.14042
0.98844,0.13545
1.02113,0.13082
1.03792,0.13457
1.04722,0.14904
1.06767,0.17141
1.11192,0.19431
1.18601,0.21226
1.18484,0.22609
1.15682,0.25294
1.15326,0.27532
1.1678,0.28832
1.16487,0.32642
1.16194,0.40075
1.13722,0.44843
1.24044,0.47216
1.34317,0.49613
1.27522,0.51932
1.20625,0.55522
1.10165,0.54003
1.03464,0.48099
0.82791,0.51662
0.66166,0.53927
0.646,0.45945
0.62665,0.3742
0.60776,0.37168
0.6689,0.43296
0.73238,0.49733
0.84416,0.54943
0.92321,0.59939
1.00053,0.64851
1.07373,0.67959
1.15638,0.69512
1.26598,0.70955
1.4077,0.73286
1.51415,0.75846
1.68559,0.76992
1.80488,0.7548
1.79916,0.71133
1.77433,0.63512
1.72682,0.52989
1.62852,0.40157
1.59697,0.24193
1.52503,0.06131
1.26192,0.15619
1.6144,0.22032
1.50234,0.14343
1.34096,0.18149
1.45912,0.20045
1.41803,0.21329
1.07173,0.21491
0.87375,0.21367
0.93644,0.18777
0.98245,0.14451
0.91981,0.16561
0.99392,0.1359
1.02794,0.09041
1.08277,0.07236
1.05013,0.06536
1.03378,0.08371
1.02658,0.07718
1.0156,0.08122
1.01311,0.09775
0.99319,0.11179
0.98811,0.11839
0.98175,0.11769
0.97586,0.11472
0.99189,0.1149
0.99601,0.11655
1.00826,0.11635
1.0076,0.11297
1.00326,0.11361
1.00069,0.11566
0.96769,0.12335
1.01025,0.13235
1.02018,0.1364
1.04535,0.14053
1.03252,0.15344
1.01961,0.15817
0.97999,0.14928
1.01715,0.14899
1.00985,0.163
1.00801,0.17827
1.01663,0.19313
1.05437,0.21216
1.13087,0.22634
1.18756,0.23506
1.20322,0.24295
1.1605,0.25525
1.12332,0.27106
1.16378,0.28144
1.20657,0.29951
1.30209,0.33728
1.21845,0.36323
1.05218,0.34448
1.08157,0.33302
1.07632,0.33574
1.10151,0.34266
0.9939,0.32821
1.06781,0.31561
1.16639,0.29392
1.01991,0.2599
0.70507,0.28851
0.5541,0.35716
0.4948,0.37659
0.49665,0.37252
0.56358,0.37298
0.60128,0.40447
0.69032,0.43942
0.80806,0.46897
0.89635,0.49571
1.02137,0.51951
1.11542,0.52248
1.18925,0.51133
1.27485,0.51005
1.27484,0.51409
1.31957,0.52307
1.36077,0.52523
1.35835,0.52018
1.35259,0.50143
1.35004,0.47446
1.34655,0.43868
1.29809,0.40254
1.24902,0.37115
1.25434,0.33477
1.13751,0.2922
1.10016,0.24208
1.10349,0.18691
1.04682,0.13827
1.0735,0.10364
1.09851,0.10838
1.10445,0.15892
1.03906,0.21688
1.3268,0.21494
1.64016,0.19682
0.95211,0.28538
1.0013,0.2469
1.18615,0.17012
1.23595,0.17888
1.2862,0.20918
1.17014,0.18767
1.02321,0.18363
0.99136,0.19024
0.89832,0.19201
0.92685,0.17231
1.02998,0.1322
1.0365,0.11156
1.01151,0.09793
1.0195,0.08818
1.02401,0.08409
1.01893,0.07973
0.99701,0.07468
1.02667,0.06659
1.04175,0.06856
1.00371,0.074
0.97376,0.07365
0.97618,0.06643
0.98803,0.05927
0.99666,0.06223
0.9879,0.06687
0.9873,0.06528
0.96186,0.06706
0.98698,0.07001
0.99041,0.08053
0.99546,0.0828
1.00088,0.07843
1.01598,0.0857
0.99718,0.09723
0.98194,0.10023
0.98197,0.08907
0.99458,0.07998
0.99916,0.07539
1.00435,0.08362
1.00436,0.09331
0.99839,0.10109
0.9971,0.11272
1.02388,0.12544
1.05517,0.14296
1.04973,0.1588
1.06872,0.17038
1.08894,0.17584
1.10481,0.18463
1.1767,0.19653
1.22324,0.21411
1.22326,0.22564
1.21854,0.2389
1.25073,0.24889
1.25281,0.26027
1.25004,0.28144
1.23195,0.30694
1.22855,0.33486
1.16445,0.35318
1.21367,0.37117
1.25913,0.38088
1.31828,0.4064
1.19597,0.41985
0.96528,0.42432
0.83328,0.41185
0.78205,0.35202
0.71682,0.29672
0.64266,0.34528
0.54308,0.43734
0.51006,0.51312
0.59776,0.54874
0.71216,0.55066
0.74031,0.56432
0.83339,0.59836
0.98228,0.63982
1.09541,0.6814
1.2208,0.72471
1.40415,0.77486
1.56223,0.80862
1.72672,0.82035
1.81869,0.8079
1.77997,0.77251
1.79158,0.71694
2.12014,0.60666
1.58248,0.50066
1.41063,0.39148
1.52141,0.24137
1.37908,0.08318
1.40756,0.14249
1.43409,0.25069
1.52353,0.28037
1.51064,0.22427
1.15102,0.36443
1.61482,0.4014
1.92633,0.37536
1.15388,0.28346
0.90512,0.23306
0.89208,0.21205
0.94722,0.21106
1.02818,0.15156
1.0473,0.13218
1.01647,0.10811
1.0858,0.10057
1.03001,0.0904
1.00969,0.08894
1.02384,0.0892
1.02731,0.09879
1.01025,0.11168
1.00649,0.12432
1.00106,0.13437
1.0098,0.14175
1.02054,0.14453
1.00977,0.14565
0.97909,0.14579
1.00236,0.1442
1.00476,0.13876
1.02224,0.13603
0.99359,0.13515
0.99055,0.13523
0.99413,0.13419
1.02226,0.13183
0.99482,0.14085
1.03453,0.14743
1.06293,0.15762
1.07742,0.17867
1.13132,0.20317
1.15887,0.2232
1.20874,0.24728
1.30386,0.28028
1.43392,0.33463
1.38133,0.39493
1.41251,0.41522
1.38188,0.40962
1.29606,0.40619
1.31477,0.40495
1.35021,0.40546
1.27778,0.38551
0.98881,0.33272
0.98837,0.31484
1.00362,0.20629
0.64695,0.2276
0.44823,0.25934
0.40994,0.2618
0.42124,0.27666
0.47154,0.33838
0.52501,0.4088
0.6247,0.47929
0.7145,0.55359
0.83416,0.62109
0.97259,0.67379
1.1268,0.71508
1.33569,0.75209
1.57125,0.78424
1.76219,0.80733
1.8472,0.82435
1.92233,0.82082
1.92781,0.73818
1.82392,0.61586
1.71449,0.475
1.6255,0.3102
1.48318,0.14858
1.36116,0.1867
1.18459,0.34692
1.79786,0.30442
1.24095,0.32033
1.77121,0.39938
1.43999,0.41388
1.40655,0.35647
1.03674,0.28371
0.89262,0.2508
0.91291,0.23443
0.99397,0.20721
0.97538,0.19513
1.0568,0.16762
1.0897,0.15406
1.04006,0.14384
1.03143,0.13131
1.01401,0.12229
1.03096,0.12205
1.03148,0.12188
1.01282,0.11973
0.98955,0.12039
0.99041,0.12244
0.97873,0.12441
0.9846,0.11868
0.99107,0.11164
1.02312,0.09688
1.03144,0.0866
1.02509,0.08005
1.0183,0.06815
1.03251,0.06051
1.03331,0.05978
1.00339,0.06082
0.98422,0.06678
1.02547,0.08873
1.04757,0.11865
1.05875,0.15175
1.09411,0.17947
1.27665,0.20441
1.30632,0.22449
1.37893,0.26982
1.33317,0.33238
1.32298,0.38048
1.29779,0.38476
1.18528,0.37866
1.16596,0.38173
1.12229,0.3773
1.16283,0.35296
1.16864,0.33627
1.09619,0.33318
0.90104,0.30751
0.64827,0.20717
0.56908,0.11728
0.55663,0.12748
0.46433,0.19445
0.45673,0.27704
0.52791,0.34837
0.64162,0.40996
0.75872,0.46174
0.86625,0.51268
0.98787,0.57006
1.08161,0.63906
1.13701,0.71049
1.1281,0.77853
1.18043,0.835
1.20482,0.8928
1.29783,0.96959
1.37684,1.03227
1.37346,1.04593
1.40072,1.02221
1.44673,0.94043
1.44903,0.81222
1.41106,0.66535
1.34639,0.51212
2.23887,0.3837
1.35256,0.12459
1.196,0.08119
1.40213,0.08538
1.56335,0.06984
0.92209,0.07882
0.82581,0.14178
0.95379,0.20338
1.00727,0.22062
1.03758,0.18379
1.04458,0.125
1.04729,0.10418
1.05693,0.12639
1.05287,0.1431
1.02924,0.14908
0.9991,0.13529
0.99821,0.10146
0.99962,0.08264
0.99358,0.08585
0.9865,0.08825
0.98736,0.08426
0.9853,0.07751
1.00291,0.07186
0.99141,0.06892
0.97695,0.06829
0.98823,0.06706
0.98745,0.06691
0.99134,0.0634
0.98823,0.05474
0.97968,0.0499
1.0007,0.04673
1.01282,0.04951
1.02945,0.04871
0.94949,0.0385
0.9377,0.03751
1.02495,0.05087
0.98206,0.08144
0.92418,0.07921
0.98773,0.07724
1.04034,0.07756
0.97836,0.08705
1.03232,0.08504
